-- Nurses data: anthropos + proswpiko + nosileutis
-- Generated by generate_nosileutis.py
-- 120 nurses with unique AMKAs (no overlap with iatros or asthenis)

SET FOREIGN_KEY_CHECKS = 0;
SET NAMES utf8mb4;

-- ── 1. anthropos ────────────────────────────────────────────────────────
INSERT INTO anthropos (amka, onoma, eponymo, ilikia, email, tilefono) VALUES ('08057500003', 'Φαίδρος', 'Μουσούρης', 51, 'faidros.moysoyris1@hospital.gr', '+306994484008');
INSERT INTO anthropos (amka, onoma, eponymo, ilikia, email, tilefono) VALUES ('02017000004', 'Ολυμπία', 'Δενδρινού', 56, 'olympia.dendrinoy2@hospital.gr', '+306939085235');
INSERT INTO anthropos (amka, onoma, eponymo, ilikia, email, tilefono) VALUES ('15127400007', 'Διονύσιος', 'Μανιάκης', 51, 'dionysios.maniakis3@hospital.gr', '+306917746320');
INSERT INTO anthropos (amka, onoma, eponymo, ilikia, email, tilefono) VALUES ('17090100008', 'Ναταλία', 'Βούλγαρη', 24, 'natalia.voylgari4@hospital.gr', '+306920240941');
INSERT INTO anthropos (amka, onoma, eponymo, ilikia, email, tilefono) VALUES ('10068000011', 'Περικλής', 'Ελευθεριάδης', 45, 'periklis.eleytheriadis5@hospital.gr', '+306997611098');
INSERT INTO anthropos (amka, onoma, eponymo, ilikia, email, tilefono) VALUES ('04068200012', 'Φωτεινή', 'Σπανού', 43, 'foteini.spanoy6@hospital.gr', '+306941098564');
INSERT INTO anthropos (amka, onoma, eponymo, ilikia, email, tilefono) VALUES ('17127300014', 'Μελίνα', 'Μητροπούλου', 52, 'melina.mitropoyloy7@hospital.gr', '+306960314371');
INSERT INTO anthropos (amka, onoma, eponymo, ilikia, email, tilefono) VALUES ('27039800017', 'Βάιος', 'Ακριτίδης', 28, 'vaios.akritidis8@hospital.gr', '+306951072697');
INSERT INTO anthropos (amka, onoma, eponymo, ilikia, email, tilefono) VALUES ('22027400018', 'Ευτυχία', 'Καραβία', 52, 'eytychia.karavia9@hospital.gr', '+306972395400');
INSERT INTO anthropos (amka, onoma, eponymo, ilikia, email, tilefono) VALUES ('26098800020', 'Στέλλα', 'Πρωτονοταρίου', 37, 'stella.protonotarioy10@hospital.gr', '+306993972089');
INSERT INTO anthropos (amka, onoma, eponymo, ilikia, email, tilefono) VALUES ('25028100022', 'Ζουμπουλιά', 'Χαριτωνίδη', 45, 'zoympoylia.charitonidi11@hospital.gr', '+306975492035');
INSERT INTO anthropos (amka, onoma, eponymo, ilikia, email, tilefono) VALUES ('05038200025', 'Πέτρος', 'Ελευθεριάδης', 44, 'petros.eleytheriadis12@hospital.gr', '+306957488275');
INSERT INTO anthropos (amka, onoma, eponymo, ilikia, email, tilefono) VALUES ('12080000027', 'Αθανάσιος', 'Γραμματικόπουλος', 25, 'athanasios.grammatikopoylos13@hospital.gr', '+306925137992');
INSERT INTO anthropos (amka, onoma, eponymo, ilikia, email, tilefono) VALUES ('24100300029', 'Φοίβος', 'Μουσούρης', 22, 'foivos.moysoyris14@hospital.gr', '+306982300392');
INSERT INTO anthropos (amka, onoma, eponymo, ilikia, email, tilefono) VALUES ('04096700030', 'Παρασκευή', 'Βέργα', 58, 'paraskeyi.verga15@hospital.gr', '+306934507251');
INSERT INTO anthropos (amka, onoma, eponymo, ilikia, email, tilefono) VALUES ('10077100032', 'Λυδία', 'Σημηριώτη', 54, 'lydia.simirioti16@hospital.gr', '+306976246411');
INSERT INTO anthropos (amka, onoma, eponymo, ilikia, email, tilefono) VALUES ('06057600035', 'Σέργιος', 'Κορομηλάς', 50, 'sergios.koromilas17@hospital.gr', '+306959865385');
INSERT INTO anthropos (amka, onoma, eponymo, ilikia, email, tilefono) VALUES ('07126600036', 'Λυδία', 'Πουλοπούλου', 59, 'lydia.poylopoyloy18@hospital.gr', '+306968256980');
INSERT INTO anthropos (amka, onoma, eponymo, ilikia, email, tilefono) VALUES ('04127500039', 'Σταμάτης', 'Βιτάλης', 50, 'stamatis.vitalis19@hospital.gr', '+306932697882');
INSERT INTO anthropos (amka, onoma, eponymo, ilikia, email, tilefono) VALUES ('25016700040', 'Αθηνά', 'Σκυλίτση', 59, 'athina.skylitsi20@hospital.gr', '+306938340841');
INSERT INTO anthropos (amka, onoma, eponymo, ilikia, email, tilefono) VALUES ('24067700042', 'Άρτεμις', 'Αρμένη', 48, 'artemis.armeni21@hospital.gr', '+306921294776');
INSERT INTO anthropos (amka, onoma, eponymo, ilikia, email, tilefono) VALUES ('18076900045', 'Ελευθέριος', 'Γιαννουκάκης', 56, 'eleytherios.giannoykakis22@hospital.gr', '+306926590950');
INSERT INTO anthropos (amka, onoma, eponymo, ilikia, email, tilefono) VALUES ('06019400047', 'Σιλουανός', 'Καρανικόλας', 32, 'siloyanos.karanikolas23@hospital.gr', '+306932344103');
INSERT INTO anthropos (amka, onoma, eponymo, ilikia, email, tilefono) VALUES ('23097500049', 'Βλάσσης', 'Λοβέρδος', 50, 'vlassis.loverdos24@hospital.gr', '+306969688830');
INSERT INTO anthropos (amka, onoma, eponymo, ilikia, email, tilefono) VALUES ('22119000051', 'Θεόδωρος', 'Τρικούπης', 35, 'theodoros.trikoypis25@hospital.gr', '+306928080893');
INSERT INTO anthropos (amka, onoma, eponymo, ilikia, email, tilefono) VALUES ('10066300052', 'Βασιλική', 'Κορωναίου', 62, 'vasiliki.koronaioy26@hospital.gr', '+306968293659');
INSERT INTO anthropos (amka, onoma, eponymo, ilikia, email, tilefono) VALUES ('23016800055', 'Άδωνης', 'Σκλαβούνος', 58, 'adonis.sklavoynos27@hospital.gr', '+306959330854');
INSERT INTO anthropos (amka, onoma, eponymo, ilikia, email, tilefono) VALUES ('24116800057', 'Σαράντης', 'Πουλόπουλος', 57, 'sarantis.poylopoylos28@hospital.gr', '+306991765280');
INSERT INTO anthropos (amka, onoma, eponymo, ilikia, email, tilefono) VALUES ('21126600059', 'Ανδρέας', 'Βογιατζής', 59, 'andreas.vogiatzis29@hospital.gr', '+306975937566');
INSERT INTO anthropos (amka, onoma, eponymo, ilikia, email, tilefono) VALUES ('11108900060', 'Ναταλία', 'Τοκατλίδη', 36, 'natalia.tokatlidi30@hospital.gr', '+306974494659');
INSERT INTO anthropos (amka, onoma, eponymo, ilikia, email, tilefono) VALUES ('04049000063', 'Φαίδρος', 'Μανούσος', 36, 'faidros.manoysos31@hospital.gr', '+306995333297');
INSERT INTO anthropos (amka, onoma, eponymo, ilikia, email, tilefono) VALUES ('11118200064', 'Ήρα', 'Μπότσαρη', 43, 'ira.mpotsari32@hospital.gr', '+306953803069');
INSERT INTO anthropos (amka, onoma, eponymo, ilikia, email, tilefono) VALUES ('23090000066', 'Ελευθερία', 'Βουτσινά', 25, 'eleytheria.voytsina33@hospital.gr', '+306948629571');
INSERT INTO anthropos (amka, onoma, eponymo, ilikia, email, tilefono) VALUES ('16016500068', 'Φοίβη', 'Ανδρεάδη', 61, 'foivi.andreadi34@hospital.gr', '+306911323982');
INSERT INTO anthropos (amka, onoma, eponymo, ilikia, email, tilefono) VALUES ('08089700071', 'Σπυρίδων', 'Αποστολάκης', 28, 'spyridon.apostolakis35@hospital.gr', '+306986685751');
INSERT INTO anthropos (amka, onoma, eponymo, ilikia, email, tilefono) VALUES ('13110100073', 'Λαέρτης', 'Πετράκος', 24, 'laertis.petrakos36@hospital.gr', '+306938332886');
INSERT INTO anthropos (amka, onoma, eponymo, ilikia, email, tilefono) VALUES ('21099400074', 'Δανάη', 'Κουταλιανού', 31, 'danai.koytalianoy37@hospital.gr', '+306986458838');
INSERT INTO anthropos (amka, onoma, eponymo, ilikia, email, tilefono) VALUES ('12098700077', 'Πτολεμαίος', 'Κουταλιανός', 38, 'ptolemaios.koytalianos38@hospital.gr', '+306972285971');
INSERT INTO anthropos (amka, onoma, eponymo, ilikia, email, tilefono) VALUES ('04118700079', 'Πτολεμαίος', 'Βούρος', 38, 'ptolemaios.voyros39@hospital.gr', '+306967957409');
INSERT INTO anthropos (amka, onoma, eponymo, ilikia, email, tilefono) VALUES ('17076500080', 'Διονυσία', 'Ράγκου', 60, 'dionysia.ragkoy40@hospital.gr', '+306976284972');
INSERT INTO anthropos (amka, onoma, eponymo, ilikia, email, tilefono) VALUES ('26027400082', 'Ηρώ', 'Καλλιγά', 52, 'iro.kalliga41@hospital.gr', '+306911401968');
INSERT INTO anthropos (amka, onoma, eponymo, ilikia, email, tilefono) VALUES ('20118300084', 'Μαρία', 'Λαμπροπούλου', 42, 'maria.lampropoyloy42@hospital.gr', '+306936818260');
INSERT INTO anthropos (amka, onoma, eponymo, ilikia, email, tilefono) VALUES ('18070100087', 'Φοίβος', 'Γονατάς', 24, 'foivos.gonatas43@hospital.gr', '+306945387939');
INSERT INTO anthropos (amka, onoma, eponymo, ilikia, email, tilefono) VALUES ('14090000089', 'Αντώνιος', 'Παρασκευαΐδης', 25, 'antonios.paraskeyaidis44@hospital.gr', '+306928812375');
INSERT INTO anthropos (amka, onoma, eponymo, ilikia, email, tilefono) VALUES ('02027100090', 'Αγγελική', 'Αναστασίου', 55, 'aggeliki.anastasioy45@hospital.gr', '+306917075484');
INSERT INTO anthropos (amka, onoma, eponymo, ilikia, email, tilefono) VALUES ('02067700092', 'Χαραλαμπία', 'Μαγγίνα', 48, 'charalampia.maggina46@hospital.gr', '+306927101688');
INSERT INTO anthropos (amka, onoma, eponymo, ilikia, email, tilefono) VALUES ('14087400094', 'Μαργαρίτα', 'Ευθυμιάδου', 51, 'margarita.eythymiadoy47@hospital.gr', '+306940715268');
INSERT INTO anthropos (amka, onoma, eponymo, ilikia, email, tilefono) VALUES ('26048600096', 'Υακίνθη', 'Ουζουνίδη', 40, 'yakinthi.oyzoynidi48@hospital.gr', '+306987558262');
INSERT INTO anthropos (amka, onoma, eponymo, ilikia, email, tilefono) VALUES ('16087600099', 'Ευάγγελος', 'Κοντολέων', 49, 'eyaggelos.kontoleon49@hospital.gr', '+306913100273');
INSERT INTO anthropos (amka, onoma, eponymo, ilikia, email, tilefono) VALUES ('14068400100', 'Παρασκευή', 'Παπαντωνίου', 41, 'paraskeyi.papantonioy50@hospital.gr', '+306990653934');
INSERT INTO anthropos (amka, onoma, eponymo, ilikia, email, tilefono) VALUES ('11068900103', 'Απόστολος', 'Σταθόπουλος', 36, 'apostolos.stathopoylos51@hospital.gr', '+306961177623');
INSERT INTO anthropos (amka, onoma, eponymo, ilikia, email, tilefono) VALUES ('14098200105', 'Λυσίας', 'Παπαχρήστος', 43, 'lysias.papachristos52@hospital.gr', '+306967738948');
INSERT INTO anthropos (amka, onoma, eponymo, ilikia, email, tilefono) VALUES ('23017000107', 'Πέτρος', 'Πετράκος', 56, 'petros.petrakos53@hospital.gr', '+306976613357');
INSERT INTO anthropos (amka, onoma, eponymo, ilikia, email, tilefono) VALUES ('25038700108', 'Μαρίνα', 'Κουταλιανού', 39, 'marina.koytalianoy54@hospital.gr', '+306974922644');
INSERT INTO anthropos (amka, onoma, eponymo, ilikia, email, tilefono) VALUES ('27018200110', 'Ερμιόνη', 'Καλογερά', 44, 'ermioni.kalogera55@hospital.gr', '+306918382600');
INSERT INTO anthropos (amka, onoma, eponymo, ilikia, email, tilefono) VALUES ('25087800113', 'Ισίδωρος', 'Διαμαντίδης', 47, 'isidoros.diamantidis56@hospital.gr', '+306919665199');
INSERT INTO anthropos (amka, onoma, eponymo, ilikia, email, tilefono) VALUES ('02017100114', 'Μυρτώ', 'Εξαρχοπούλου', 55, 'myrto.exarchopoyloy57@hospital.gr', '+306919903588');
INSERT INTO anthropos (amka, onoma, eponymo, ilikia, email, tilefono) VALUES ('09126300116', 'Βασιλική', 'Ακριτίδου', 62, 'vasiliki.akritidoy58@hospital.gr', '+306946979418');
INSERT INTO anthropos (amka, onoma, eponymo, ilikia, email, tilefono) VALUES ('01057000119', 'Μύρων', 'Κοντολέων', 56, 'myron.kontoleon59@hospital.gr', '+306922548080');
INSERT INTO anthropos (amka, onoma, eponymo, ilikia, email, tilefono) VALUES ('14038100121', 'Σάκης', 'Παπαχρήστος', 45, 'sakis.papachristos60@hospital.gr', '+306970533380');
INSERT INTO anthropos (amka, onoma, eponymo, ilikia, email, tilefono) VALUES ('25069100123', 'Διονύσιος', 'Καρύδης', 34, 'dionysios.karydis61@hospital.gr', '+306992680891');
INSERT INTO anthropos (amka, onoma, eponymo, ilikia, email, tilefono) VALUES ('23117000125', 'Θεόδωρος', 'Παναγούλης', 55, 'theodoros.panagoylis62@hospital.gr', '+306951099666');
INSERT INTO anthropos (amka, onoma, eponymo, ilikia, email, tilefono) VALUES ('05078100127', 'Πέτρος', 'Αργυράκης', 44, 'petros.argyrakis63@hospital.gr', '+306928530969');
INSERT INTO anthropos (amka, onoma, eponymo, ilikia, email, tilefono) VALUES ('07087100128', 'Ζουμπουλιά', 'Ανδρουλάκη', 54, 'zoympoylia.androylaki64@hospital.gr', '+306977183864');
INSERT INTO anthropos (amka, onoma, eponymo, ilikia, email, tilefono) VALUES ('08018500130', 'Αγγελική', 'Γούσιου', 41, 'aggeliki.goysioy65@hospital.gr', '+306975153957');
INSERT INTO anthropos (amka, onoma, eponymo, ilikia, email, tilefono) VALUES ('14100300133', 'Μαριάννος', 'Κουράκης', 22, 'mariannos.koyrakis66@hospital.gr', '+306952369192');
INSERT INTO anthropos (amka, onoma, eponymo, ilikia, email, tilefono) VALUES ('20067700134', 'Ιουλία', 'Σκλάβου', 48, 'ioylia.sklavoy67@hospital.gr', '+306939425203');
INSERT INTO anthropos (amka, onoma, eponymo, ilikia, email, tilefono) VALUES ('07128100136', 'Σοφία', 'Σκλάβου', 44, 'sofia.sklavoy68@hospital.gr', '+306960458200');
INSERT INTO anthropos (amka, onoma, eponymo, ilikia, email, tilefono) VALUES ('21087900139', 'Διονύσιος', 'Τσακίρης', 46, 'dionysios.tsakiris69@hospital.gr', '+306997122065');
INSERT INTO anthropos (amka, onoma, eponymo, ilikia, email, tilefono) VALUES ('26109600141', 'Θωμάς', 'Ραγκαβής', 29, 'thomas.ragkavis70@hospital.gr', '+306961956682');
INSERT INTO anthropos (amka, onoma, eponymo, ilikia, email, tilefono) VALUES ('14077900143', 'Δημήτριος', 'Μάμος', 46, 'dimitrios.mamos71@hospital.gr', '+306981029644');
INSERT INTO anthropos (amka, onoma, eponymo, ilikia, email, tilefono) VALUES ('22016600144', 'Ηλέκτρα', 'Γρηγορίου', 60, 'ilektra.grigorioy72@hospital.gr', '+306982473093');
INSERT INTO anthropos (amka, onoma, eponymo, ilikia, email, tilefono) VALUES ('23057500146', 'Σταματία', 'Κουταλιανού', 50, 'stamatia.koytalianoy73@hospital.gr', '+306955632285');
INSERT INTO anthropos (amka, onoma, eponymo, ilikia, email, tilefono) VALUES ('05048000149', 'Άδωνης', 'Ράγκος', 46, 'adonis.ragkos74@hospital.gr', '+306912455972');
INSERT INTO anthropos (amka, onoma, eponymo, ilikia, email, tilefono) VALUES ('28129900150', 'Υακίνθη', 'Κοσμοπούλου', 26, 'yakinthi.kosmopoyloy75@hospital.gr', '+306966034940');
INSERT INTO anthropos (amka, onoma, eponymo, ilikia, email, tilefono) VALUES ('10028400152', 'Αναστασία', 'Ξανθοπούλου', 42, 'anastasia.xanthopoyloy76@hospital.gr', '+306921959929');
INSERT INTO anthropos (amka, onoma, eponymo, ilikia, email, tilefono) VALUES ('01019500155', 'Δημοσθένης', 'Μωραΐτης', 31, 'dimosthenis.moraitis77@hospital.gr', '+306967992986');
INSERT INTO anthropos (amka, onoma, eponymo, ilikia, email, tilefono) VALUES ('27027000156', 'Υακίνθη', 'Λάμπρου', 56, 'yakinthi.lamproy78@hospital.gr', '+306970009507');
INSERT INTO anthropos (amka, onoma, eponymo, ilikia, email, tilefono) VALUES ('17036600159', 'Βάιος', 'Βαρώτσος', 60, 'vaios.varotsos79@hospital.gr', '+306999667306');
INSERT INTO anthropos (amka, onoma, eponymo, ilikia, email, tilefono) VALUES ('03046800160', 'Αμαλία', 'Λούλη', 58, 'amalia.loyli80@hospital.gr', '+306929588955');
INSERT INTO anthropos (amka, onoma, eponymo, ilikia, email, tilefono) VALUES ('12089200162', 'Χαραλαμπία', 'Καμπούρη', 33, 'charalampia.kampoyri81@hospital.gr', '+306990620355');
INSERT INTO anthropos (amka, onoma, eponymo, ilikia, email, tilefono) VALUES ('15096300164', 'Θωμαή', 'Κουράκη', 62, 'thomai.koyraki82@hospital.gr', '+306945080865');
INSERT INTO anthropos (amka, onoma, eponymo, ilikia, email, tilefono) VALUES ('24020100167', 'Ανδρέας', 'Διδασκάλου', 25, 'andreas.didaskaloy83@hospital.gr', '+306953820460');
INSERT INTO anthropos (amka, onoma, eponymo, ilikia, email, tilefono) VALUES ('07018100169', 'Βλάσσης', 'Δημητρόπουλος', 45, 'vlassis.dimitropoylos84@hospital.gr', '+306967520695');
INSERT INTO anthropos (amka, onoma, eponymo, ilikia, email, tilefono) VALUES ('26117200171', 'Σπυρίδων', 'Οικονόμου', 53, 'spyridon.oikonomoy85@hospital.gr', '+306910064953');
INSERT INTO anthropos (amka, onoma, eponymo, ilikia, email, tilefono) VALUES ('27100000173', 'Σταμάτης', 'Αλεξόπουλος', 25, 'stamatis.alexopoylos86@hospital.gr', '+306949160788');
INSERT INTO anthropos (amka, onoma, eponymo, ilikia, email, tilefono) VALUES ('20069400175', 'Πτολεμαίος', 'Βουτσινάς', 31, 'ptolemaios.voytsinas87@hospital.gr', '+306951676828');
INSERT INTO anthropos (amka, onoma, eponymo, ilikia, email, tilefono) VALUES ('12128100176', 'Υακίνθη', 'Μέλιου', 44, 'yakinthi.melioy88@hospital.gr', '+306940884848');
INSERT INTO anthropos (amka, onoma, eponymo, ilikia, email, tilefono) VALUES ('12079200179', 'Μιλτιάδης', 'Μουστάκας', 33, 'miltiadis.moystakas89@hospital.gr', '+306922475988');
INSERT INTO anthropos (amka, onoma, eponymo, ilikia, email, tilefono) VALUES ('25128100181', 'Μύρων', 'Μαρκόπουλος', 44, 'myron.markopoylos90@hospital.gr', '+306987609671');
INSERT INTO anthropos (amka, onoma, eponymo, ilikia, email, tilefono) VALUES ('27037200182', 'Ευτυχία', 'Ράμφου', 54, 'eytychia.ramfoy91@hospital.gr', '+306929862356');
INSERT INTO anthropos (amka, onoma, eponymo, ilikia, email, tilefono) VALUES ('21046400184', 'Δανάη', 'Ευγενίδου', 62, 'danai.eygenidoy92@hospital.gr', '+306959346889');
INSERT INTO anthropos (amka, onoma, eponymo, ilikia, email, tilefono) VALUES ('19078900187', 'Σπυρίδων', 'Σκυλίτσης', 36, 'spyridon.skylitsis93@hospital.gr', '+306989210572');
INSERT INTO anthropos (amka, onoma, eponymo, ilikia, email, tilefono) VALUES ('15047100189', 'Αθανάσιος', 'Ζαφειριάδης', 55, 'athanasios.zafeiriadis94@hospital.gr', '+306978479544');
INSERT INTO anthropos (amka, onoma, eponymo, ilikia, email, tilefono) VALUES ('02100300190', 'Φοίβη', 'Γαλάνη', 22, 'foivi.galani95@hospital.gr', '+306928677403');
INSERT INTO anthropos (amka, onoma, eponymo, ilikia, email, tilefono) VALUES ('27097500193', 'Πέτρος', 'Μπέζος', 50, 'petros.mpezos96@hospital.gr', '+306939112079');
INSERT INTO anthropos (amka, onoma, eponymo, ilikia, email, tilefono) VALUES ('28028200195', 'Μάκης', 'Κοφινάς', 44, 'makis.kofinas97@hospital.gr', '+306912350056');
INSERT INTO anthropos (amka, onoma, eponymo, ilikia, email, tilefono) VALUES ('16098800197', 'Λάμπρος', 'Ρηγόπουλος', 37, 'lampros.rigopoylos98@hospital.gr', '+306912267384');
INSERT INTO anthropos (amka, onoma, eponymo, ilikia, email, tilefono) VALUES ('28019200198', 'Στέλλα', 'Διαμαντοπούλου', 34, 'stella.diamantopoyloy99@hospital.gr', '+306972623669');
INSERT INTO anthropos (amka, onoma, eponymo, ilikia, email, tilefono) VALUES ('04018100200', 'Αντωνία', 'Σπυροπούλου', 45, 'antonia.spyropoyloy100@hospital.gr', '+306984269970');
INSERT INTO anthropos (amka, onoma, eponymo, ilikia, email, tilefono) VALUES ('25019400202', 'Αλίκη', 'Τσουκαλά', 32, 'aliki.tsoykala101@hospital.gr', '+306999105701');
INSERT INTO anthropos (amka, onoma, eponymo, ilikia, email, tilefono) VALUES ('13029600204', 'Χριστίνα', 'Εξαρχοπούλου', 30, 'christina.exarchopoyloy102@hospital.gr', '+306922420075');
INSERT INTO anthropos (amka, onoma, eponymo, ilikia, email, tilefono) VALUES ('15077900206', 'Ιουλία', 'Μέλιου', 46, 'ioylia.melioy103@hospital.gr', '+306959240116');
INSERT INTO anthropos (amka, onoma, eponymo, ilikia, email, tilefono) VALUES ('01070100208', 'Αγλαΐα', 'Μήτρα', 24, 'aglaia.mitra104@hospital.gr', '+306927895231');
INSERT INTO anthropos (amka, onoma, eponymo, ilikia, email, tilefono) VALUES ('08026700210', 'Πηνελόπη', 'Λάμπρου', 59, 'pinelopi.lamproy105@hospital.gr', '+306934943884');
INSERT INTO anthropos (amka, onoma, eponymo, ilikia, email, tilefono) VALUES ('06096300212', 'Φαίδρα', 'Παναγούλη', 62, 'faidra.panagoyli106@hospital.gr', '+306962078807');
INSERT INTO anthropos (amka, onoma, eponymo, ilikia, email, tilefono) VALUES ('06048300215', 'Άδωνης', 'Μπέζος', 43, 'adonis.mpezos107@hospital.gr', '+306910957892');
INSERT INTO anthropos (amka, onoma, eponymo, ilikia, email, tilefono) VALUES ('28080000217', 'Σιλουανός', 'Μητρόπουλος', 25, 'siloyanos.mitropoylos108@hospital.gr', '+306957608247');
INSERT INTO anthropos (amka, onoma, eponymo, ilikia, email, tilefono) VALUES ('07039200219', 'Παναγιώτης', 'Γρηγορίου', 34, 'panagiotis.grigorioy109@hospital.gr', '+306962073429');
INSERT INTO anthropos (amka, onoma, eponymo, ilikia, email, tilefono) VALUES ('17047300220', 'Άννα', 'Γεωργιάδου', 53, 'anna.georgiadoy110@hospital.gr', '+306974963660');
INSERT INTO anthropos (amka, onoma, eponymo, ilikia, email, tilefono) VALUES ('02096500222', 'Σοφία', 'Ψωμιάδη', 60, 'sofia.psomiadi111@hospital.gr', '+306913978570');
INSERT INTO anthropos (amka, onoma, eponymo, ilikia, email, tilefono) VALUES ('16017100224', 'Θωμαή', 'Παπάζογλου', 55, 'thomai.papazogloy112@hospital.gr', '+306933425686');
INSERT INTO anthropos (amka, onoma, eponymo, ilikia, email, tilefono) VALUES ('15018400227', 'Σπυρίδων', 'Κατράκης', 42, 'spyridon.katrakis113@hospital.gr', '+306941404930');
INSERT INTO anthropos (amka, onoma, eponymo, ilikia, email, tilefono) VALUES ('07089400228', 'Ελένη', 'Γιαννοπούλου', 31, 'eleni.giannopoyloy114@hospital.gr', '+306991074402');
INSERT INTO anthropos (amka, onoma, eponymo, ilikia, email, tilefono) VALUES ('17097400231', 'Παναγιώτης', 'Γιωτόπουλος', 51, 'panagiotis.giotopoylos115@hospital.gr', '+306923675209');
INSERT INTO anthropos (amka, onoma, eponymo, ilikia, email, tilefono) VALUES ('19098500232', 'Ευσταθία', 'Ιακωβίδου', 40, 'eystathia.iakovidoy116@hospital.gr', '+306937736806');
INSERT INTO anthropos (amka, onoma, eponymo, ilikia, email, tilefono) VALUES ('02068200235', 'Δημοσθένης', 'Σκαρβέλης', 43, 'dimosthenis.skarvelis117@hospital.gr', '+306951621954');
INSERT INTO anthropos (amka, onoma, eponymo, ilikia, email, tilefono) VALUES ('19106500237', 'Θεόδωρος', 'Βιτάλης', 60, 'theodoros.vitalis118@hospital.gr', '+306933766513');
INSERT INTO anthropos (amka, onoma, eponymo, ilikia, email, tilefono) VALUES ('05129400238', 'Χριστίνα', 'Γεωργαντά', 31, 'christina.georganta119@hospital.gr', '+306914727425');
INSERT INTO anthropos (amka, onoma, eponymo, ilikia, email, tilefono) VALUES ('03106800241', 'Ηλίας', 'Ρηγόπουλος', 57, 'ilias.rigopoylos120@hospital.gr', '+306959197616');

-- ── 2. proswpiko ───────────────────────────────────────────────────────
INSERT INTO proswpiko (amka, imerominia_proslipsis, typos_proswpikou) VALUES ('08057500003', '2010-03-31', 'Νοσηλευτής');
INSERT INTO proswpiko (amka, imerominia_proslipsis, typos_proswpikou) VALUES ('02017000004', '2020-05-30', 'Νοσηλευτής');
INSERT INTO proswpiko (amka, imerominia_proslipsis, typos_proswpikou) VALUES ('15127400007', '2008-09-20', 'Νοσηλευτής');
INSERT INTO proswpiko (amka, imerominia_proslipsis, typos_proswpikou) VALUES ('17090100008', '2020-08-12', 'Νοσηλευτής');
INSERT INTO proswpiko (amka, imerominia_proslipsis, typos_proswpikou) VALUES ('10068000011', '2015-01-15', 'Νοσηλευτής');
INSERT INTO proswpiko (amka, imerominia_proslipsis, typos_proswpikou) VALUES ('04068200012', '2003-07-28', 'Νοσηλευτής');
INSERT INTO proswpiko (amka, imerominia_proslipsis, typos_proswpikou) VALUES ('17127300014', '2010-03-19', 'Νοσηλευτής');
INSERT INTO proswpiko (amka, imerominia_proslipsis, typos_proswpikou) VALUES ('27039800017', '2021-07-21', 'Νοσηλευτής');
INSERT INTO proswpiko (amka, imerominia_proslipsis, typos_proswpikou) VALUES ('22027400018', '2007-04-07', 'Νοσηλευτής');
INSERT INTO proswpiko (amka, imerominia_proslipsis, typos_proswpikou) VALUES ('26098800020', '2010-08-08', 'Νοσηλευτής');
INSERT INTO proswpiko (amka, imerominia_proslipsis, typos_proswpikou) VALUES ('25028100022', '2018-12-05', 'Νοσηλευτής');
INSERT INTO proswpiko (amka, imerominia_proslipsis, typos_proswpikou) VALUES ('05038200025', '2011-07-16', 'Νοσηλευτής');
INSERT INTO proswpiko (amka, imerominia_proslipsis, typos_proswpikou) VALUES ('12080000027', '2010-05-13', 'Νοσηλευτής');
INSERT INTO proswpiko (amka, imerominia_proslipsis, typos_proswpikou) VALUES ('24100300029', '2005-10-05', 'Νοσηλευτής');
INSERT INTO proswpiko (amka, imerominia_proslipsis, typos_proswpikou) VALUES ('04096700030', '2010-05-21', 'Νοσηλευτής');
INSERT INTO proswpiko (amka, imerominia_proslipsis, typos_proswpikou) VALUES ('10077100032', '2012-01-07', 'Νοσηλευτής');
INSERT INTO proswpiko (amka, imerominia_proslipsis, typos_proswpikou) VALUES ('06057600035', '2002-11-22', 'Νοσηλευτής');
INSERT INTO proswpiko (amka, imerominia_proslipsis, typos_proswpikou) VALUES ('07126600036', '2018-11-12', 'Νοσηλευτής');
INSERT INTO proswpiko (amka, imerominia_proslipsis, typos_proswpikou) VALUES ('04127500039', '2024-07-23', 'Νοσηλευτής');
INSERT INTO proswpiko (amka, imerominia_proslipsis, typos_proswpikou) VALUES ('25016700040', '2019-12-19', 'Νοσηλευτής');
INSERT INTO proswpiko (amka, imerominia_proslipsis, typos_proswpikou) VALUES ('24067700042', '2019-12-06', 'Νοσηλευτής');
INSERT INTO proswpiko (amka, imerominia_proslipsis, typos_proswpikou) VALUES ('18076900045', '2007-09-08', 'Νοσηλευτής');
INSERT INTO proswpiko (amka, imerominia_proslipsis, typos_proswpikou) VALUES ('06019400047', '2005-10-22', 'Νοσηλευτής');
INSERT INTO proswpiko (amka, imerominia_proslipsis, typos_proswpikou) VALUES ('23097500049', '2006-10-27', 'Νοσηλευτής');
INSERT INTO proswpiko (amka, imerominia_proslipsis, typos_proswpikou) VALUES ('22119000051', '2022-05-17', 'Νοσηλευτής');
INSERT INTO proswpiko (amka, imerominia_proslipsis, typos_proswpikou) VALUES ('10066300052', '2019-06-06', 'Νοσηλευτής');
INSERT INTO proswpiko (amka, imerominia_proslipsis, typos_proswpikou) VALUES ('23016800055', '2013-07-03', 'Νοσηλευτής');
INSERT INTO proswpiko (amka, imerominia_proslipsis, typos_proswpikou) VALUES ('24116800057', '2001-10-20', 'Νοσηλευτής');
INSERT INTO proswpiko (amka, imerominia_proslipsis, typos_proswpikou) VALUES ('21126600059', '2023-02-16', 'Νοσηλευτής');
INSERT INTO proswpiko (amka, imerominia_proslipsis, typos_proswpikou) VALUES ('11108900060', '2016-12-26', 'Νοσηλευτής');
INSERT INTO proswpiko (amka, imerominia_proslipsis, typos_proswpikou) VALUES ('04049000063', '2024-10-10', 'Νοσηλευτής');
INSERT INTO proswpiko (amka, imerominia_proslipsis, typos_proswpikou) VALUES ('11118200064', '2014-11-26', 'Νοσηλευτής');
INSERT INTO proswpiko (amka, imerominia_proslipsis, typos_proswpikou) VALUES ('23090000066', '2015-08-28', 'Νοσηλευτής');
INSERT INTO proswpiko (amka, imerominia_proslipsis, typos_proswpikou) VALUES ('16016500068', '2024-01-15', 'Νοσηλευτής');
INSERT INTO proswpiko (amka, imerominia_proslipsis, typos_proswpikou) VALUES ('08089700071', '2009-06-29', 'Νοσηλευτής');
INSERT INTO proswpiko (amka, imerominia_proslipsis, typos_proswpikou) VALUES ('13110100073', '2002-10-19', 'Νοσηλευτής');
INSERT INTO proswpiko (amka, imerominia_proslipsis, typos_proswpikou) VALUES ('21099400074', '2002-02-25', 'Νοσηλευτής');
INSERT INTO proswpiko (amka, imerominia_proslipsis, typos_proswpikou) VALUES ('12098700077', '2008-10-04', 'Νοσηλευτής');
INSERT INTO proswpiko (amka, imerominia_proslipsis, typos_proswpikou) VALUES ('04118700079', '2008-12-05', 'Νοσηλευτής');
INSERT INTO proswpiko (amka, imerominia_proslipsis, typos_proswpikou) VALUES ('17076500080', '2024-12-26', 'Νοσηλευτής');
INSERT INTO proswpiko (amka, imerominia_proslipsis, typos_proswpikou) VALUES ('26027400082', '2022-07-27', 'Νοσηλευτής');
INSERT INTO proswpiko (amka, imerominia_proslipsis, typos_proswpikou) VALUES ('20118300084', '2006-06-16', 'Νοσηλευτής');
INSERT INTO proswpiko (amka, imerominia_proslipsis, typos_proswpikou) VALUES ('18070100087', '2019-03-12', 'Νοσηλευτής');
INSERT INTO proswpiko (amka, imerominia_proslipsis, typos_proswpikou) VALUES ('14090000089', '2012-02-15', 'Νοσηλευτής');
INSERT INTO proswpiko (amka, imerominia_proslipsis, typos_proswpikou) VALUES ('02027100090', '2021-07-20', 'Νοσηλευτής');
INSERT INTO proswpiko (amka, imerominia_proslipsis, typos_proswpikou) VALUES ('02067700092', '2024-01-29', 'Νοσηλευτής');
INSERT INTO proswpiko (amka, imerominia_proslipsis, typos_proswpikou) VALUES ('14087400094', '2003-10-22', 'Νοσηλευτής');
INSERT INTO proswpiko (amka, imerominia_proslipsis, typos_proswpikou) VALUES ('26048600096', '2011-04-12', 'Νοσηλευτής');
INSERT INTO proswpiko (amka, imerominia_proslipsis, typos_proswpikou) VALUES ('16087600099', '2014-02-01', 'Νοσηλευτής');
INSERT INTO proswpiko (amka, imerominia_proslipsis, typos_proswpikou) VALUES ('14068400100', '2005-10-04', 'Νοσηλευτής');
INSERT INTO proswpiko (amka, imerominia_proslipsis, typos_proswpikou) VALUES ('11068900103', '2014-09-19', 'Νοσηλευτής');
INSERT INTO proswpiko (amka, imerominia_proslipsis, typos_proswpikou) VALUES ('14098200105', '2008-11-13', 'Νοσηλευτής');
INSERT INTO proswpiko (amka, imerominia_proslipsis, typos_proswpikou) VALUES ('23017000107', '2006-04-24', 'Νοσηλευτής');
INSERT INTO proswpiko (amka, imerominia_proslipsis, typos_proswpikou) VALUES ('25038700108', '2008-01-04', 'Νοσηλευτής');
INSERT INTO proswpiko (amka, imerominia_proslipsis, typos_proswpikou) VALUES ('27018200110', '2009-08-07', 'Νοσηλευτής');
INSERT INTO proswpiko (amka, imerominia_proslipsis, typos_proswpikou) VALUES ('25087800113', '2019-09-01', 'Νοσηλευτής');
INSERT INTO proswpiko (amka, imerominia_proslipsis, typos_proswpikou) VALUES ('02017100114', '2000-04-11', 'Νοσηλευτής');
INSERT INTO proswpiko (amka, imerominia_proslipsis, typos_proswpikou) VALUES ('09126300116', '2006-03-17', 'Νοσηλευτής');
INSERT INTO proswpiko (amka, imerominia_proslipsis, typos_proswpikou) VALUES ('01057000119', '2012-08-11', 'Νοσηλευτής');
INSERT INTO proswpiko (amka, imerominia_proslipsis, typos_proswpikou) VALUES ('14038100121', '2007-05-02', 'Νοσηλευτής');
INSERT INTO proswpiko (amka, imerominia_proslipsis, typos_proswpikou) VALUES ('25069100123', '2011-02-15', 'Νοσηλευτής');
INSERT INTO proswpiko (amka, imerominia_proslipsis, typos_proswpikou) VALUES ('23117000125', '2018-01-11', 'Νοσηλευτής');
INSERT INTO proswpiko (amka, imerominia_proslipsis, typos_proswpikou) VALUES ('05078100127', '2017-05-17', 'Νοσηλευτής');
INSERT INTO proswpiko (amka, imerominia_proslipsis, typos_proswpikou) VALUES ('07087100128', '2023-05-31', 'Νοσηλευτής');
INSERT INTO proswpiko (amka, imerominia_proslipsis, typos_proswpikou) VALUES ('08018500130', '2017-08-24', 'Νοσηλευτής');
INSERT INTO proswpiko (amka, imerominia_proslipsis, typos_proswpikou) VALUES ('14100300133', '2017-12-20', 'Νοσηλευτής');
INSERT INTO proswpiko (amka, imerominia_proslipsis, typos_proswpikou) VALUES ('20067700134', '2007-06-10', 'Νοσηλευτής');
INSERT INTO proswpiko (amka, imerominia_proslipsis, typos_proswpikou) VALUES ('07128100136', '2004-02-11', 'Νοσηλευτής');
INSERT INTO proswpiko (amka, imerominia_proslipsis, typos_proswpikou) VALUES ('21087900139', '2016-07-21', 'Νοσηλευτής');
INSERT INTO proswpiko (amka, imerominia_proslipsis, typos_proswpikou) VALUES ('26109600141', '2001-07-21', 'Νοσηλευτής');
INSERT INTO proswpiko (amka, imerominia_proslipsis, typos_proswpikou) VALUES ('14077900143', '2015-10-15', 'Νοσηλευτής');
INSERT INTO proswpiko (amka, imerominia_proslipsis, typos_proswpikou) VALUES ('22016600144', '2018-06-11', 'Νοσηλευτής');
INSERT INTO proswpiko (amka, imerominia_proslipsis, typos_proswpikou) VALUES ('23057500146', '2009-08-26', 'Νοσηλευτής');
INSERT INTO proswpiko (amka, imerominia_proslipsis, typos_proswpikou) VALUES ('05048000149', '2021-12-26', 'Νοσηλευτής');
INSERT INTO proswpiko (amka, imerominia_proslipsis, typos_proswpikou) VALUES ('28129900150', '2019-09-21', 'Νοσηλευτής');
INSERT INTO proswpiko (amka, imerominia_proslipsis, typos_proswpikou) VALUES ('10028400152', '2023-08-30', 'Νοσηλευτής');
INSERT INTO proswpiko (amka, imerominia_proslipsis, typos_proswpikou) VALUES ('01019500155', '2004-05-25', 'Νοσηλευτής');
INSERT INTO proswpiko (amka, imerominia_proslipsis, typos_proswpikou) VALUES ('27027000156', '2004-05-06', 'Νοσηλευτής');
INSERT INTO proswpiko (amka, imerominia_proslipsis, typos_proswpikou) VALUES ('17036600159', '2014-10-22', 'Νοσηλευτής');
INSERT INTO proswpiko (amka, imerominia_proslipsis, typos_proswpikou) VALUES ('03046800160', '2013-07-25', 'Νοσηλευτής');
INSERT INTO proswpiko (amka, imerominia_proslipsis, typos_proswpikou) VALUES ('12089200162', '2009-09-24', 'Νοσηλευτής');
INSERT INTO proswpiko (amka, imerominia_proslipsis, typos_proswpikou) VALUES ('15096300164', '2007-01-29', 'Νοσηλευτής');
INSERT INTO proswpiko (amka, imerominia_proslipsis, typos_proswpikou) VALUES ('24020100167', '2017-05-23', 'Νοσηλευτής');
INSERT INTO proswpiko (amka, imerominia_proslipsis, typos_proswpikou) VALUES ('07018100169', '2009-04-06', 'Νοσηλευτής');
INSERT INTO proswpiko (amka, imerominia_proslipsis, typos_proswpikou) VALUES ('26117200171', '2013-04-24', 'Νοσηλευτής');
INSERT INTO proswpiko (amka, imerominia_proslipsis, typos_proswpikou) VALUES ('27100000173', '2010-04-04', 'Νοσηλευτής');
INSERT INTO proswpiko (amka, imerominia_proslipsis, typos_proswpikou) VALUES ('20069400175', '2005-03-21', 'Νοσηλευτής');
INSERT INTO proswpiko (amka, imerominia_proslipsis, typos_proswpikou) VALUES ('12128100176', '2012-12-11', 'Νοσηλευτής');
INSERT INTO proswpiko (amka, imerominia_proslipsis, typos_proswpikou) VALUES ('12079200179', '2004-10-07', 'Νοσηλευτής');
INSERT INTO proswpiko (amka, imerominia_proslipsis, typos_proswpikou) VALUES ('25128100181', '2002-02-21', 'Νοσηλευτής');
INSERT INTO proswpiko (amka, imerominia_proslipsis, typos_proswpikou) VALUES ('27037200182', '2000-05-08', 'Νοσηλευτής');
INSERT INTO proswpiko (amka, imerominia_proslipsis, typos_proswpikou) VALUES ('21046400184', '2011-11-15', 'Νοσηλευτής');
INSERT INTO proswpiko (amka, imerominia_proslipsis, typos_proswpikou) VALUES ('19078900187', '2003-01-24', 'Νοσηλευτής');
INSERT INTO proswpiko (amka, imerominia_proslipsis, typos_proswpikou) VALUES ('15047100189', '2022-11-23', 'Νοσηλευτής');
INSERT INTO proswpiko (amka, imerominia_proslipsis, typos_proswpikou) VALUES ('02100300190', '2017-03-29', 'Νοσηλευτής');
INSERT INTO proswpiko (amka, imerominia_proslipsis, typos_proswpikou) VALUES ('27097500193', '2021-05-27', 'Νοσηλευτής');
INSERT INTO proswpiko (amka, imerominia_proslipsis, typos_proswpikou) VALUES ('28028200195', '2012-07-15', 'Νοσηλευτής');
INSERT INTO proswpiko (amka, imerominia_proslipsis, typos_proswpikou) VALUES ('16098800197', '2014-09-03', 'Νοσηλευτής');
INSERT INTO proswpiko (amka, imerominia_proslipsis, typos_proswpikou) VALUES ('28019200198', '2005-11-25', 'Νοσηλευτής');
INSERT INTO proswpiko (amka, imerominia_proslipsis, typos_proswpikou) VALUES ('04018100200', '2005-01-23', 'Νοσηλευτής');
INSERT INTO proswpiko (amka, imerominia_proslipsis, typos_proswpikou) VALUES ('25019400202', '2007-06-07', 'Νοσηλευτής');
INSERT INTO proswpiko (amka, imerominia_proslipsis, typos_proswpikou) VALUES ('13029600204', '2021-06-16', 'Νοσηλευτής');
INSERT INTO proswpiko (amka, imerominia_proslipsis, typos_proswpikou) VALUES ('15077900206', '2008-11-27', 'Νοσηλευτής');
INSERT INTO proswpiko (amka, imerominia_proslipsis, typos_proswpikou) VALUES ('01070100208', '2023-06-13', 'Νοσηλευτής');
INSERT INTO proswpiko (amka, imerominia_proslipsis, typos_proswpikou) VALUES ('08026700210', '2011-10-17', 'Νοσηλευτής');
INSERT INTO proswpiko (amka, imerominia_proslipsis, typos_proswpikou) VALUES ('06096300212', '2000-02-08', 'Νοσηλευτής');
INSERT INTO proswpiko (amka, imerominia_proslipsis, typos_proswpikou) VALUES ('06048300215', '2008-05-28', 'Νοσηλευτής');
INSERT INTO proswpiko (amka, imerominia_proslipsis, typos_proswpikou) VALUES ('28080000217', '2008-09-09', 'Νοσηλευτής');
INSERT INTO proswpiko (amka, imerominia_proslipsis, typos_proswpikou) VALUES ('07039200219', '2024-01-08', 'Νοσηλευτής');
INSERT INTO proswpiko (amka, imerominia_proslipsis, typos_proswpikou) VALUES ('17047300220', '2016-12-23', 'Νοσηλευτής');
INSERT INTO proswpiko (amka, imerominia_proslipsis, typos_proswpikou) VALUES ('02096500222', '2001-09-14', 'Νοσηλευτής');
INSERT INTO proswpiko (amka, imerominia_proslipsis, typos_proswpikou) VALUES ('16017100224', '2000-02-10', 'Νοσηλευτής');
INSERT INTO proswpiko (amka, imerominia_proslipsis, typos_proswpikou) VALUES ('15018400227', '2017-03-18', 'Νοσηλευτής');
INSERT INTO proswpiko (amka, imerominia_proslipsis, typos_proswpikou) VALUES ('07089400228', '2006-11-23', 'Νοσηλευτής');
INSERT INTO proswpiko (amka, imerominia_proslipsis, typos_proswpikou) VALUES ('17097400231', '2019-11-22', 'Νοσηλευτής');
INSERT INTO proswpiko (amka, imerominia_proslipsis, typos_proswpikou) VALUES ('19098500232', '2017-07-27', 'Νοσηλευτής');
INSERT INTO proswpiko (amka, imerominia_proslipsis, typos_proswpikou) VALUES ('02068200235', '2000-10-07', 'Νοσηλευτής');
INSERT INTO proswpiko (amka, imerominia_proslipsis, typos_proswpikou) VALUES ('19106500237', '2022-10-16', 'Νοσηλευτής');
INSERT INTO proswpiko (amka, imerominia_proslipsis, typos_proswpikou) VALUES ('05129400238', '2004-12-24', 'Νοσηλευτής');
INSERT INTO proswpiko (amka, imerominia_proslipsis, typos_proswpikou) VALUES ('03106800241', '2017-08-30', 'Νοσηλευτής');

-- ── 3. nosileutis ──────────────────────────────────────────────────────
INSERT INTO nosileutis (amka, vathmida_nosileuti) VALUES ('08057500003', 'Βοηθός Νοσηλευτή');
INSERT INTO nosileutis (amka, vathmida_nosileuti) VALUES ('02017000004', 'Βοηθός Νοσηλευτή');
INSERT INTO nosileutis (amka, vathmida_nosileuti) VALUES ('15127400007', 'Νοσηλευτής');
INSERT INTO nosileutis (amka, vathmida_nosileuti) VALUES ('17090100008', 'Βοηθός Νοσηλευτή');
INSERT INTO nosileutis (amka, vathmida_nosileuti) VALUES ('10068000011', 'Νοσηλευτής');
INSERT INTO nosileutis (amka, vathmida_nosileuti) VALUES ('04068200012', 'Νοσηλευτής');
INSERT INTO nosileutis (amka, vathmida_nosileuti) VALUES ('17127300014', 'Νοσηλευτής');
INSERT INTO nosileutis (amka, vathmida_nosileuti) VALUES ('27039800017', 'Νοσηλευτής');
INSERT INTO nosileutis (amka, vathmida_nosileuti) VALUES ('22027400018', 'Νοσηλευτής');
INSERT INTO nosileutis (amka, vathmida_nosileuti) VALUES ('26098800020', 'Νοσηλευτής');
INSERT INTO nosileutis (amka, vathmida_nosileuti) VALUES ('25028100022', 'Βοηθός Νοσηλευτή');
INSERT INTO nosileutis (amka, vathmida_nosileuti) VALUES ('05038200025', 'Βοηθός Νοσηλευτή');
INSERT INTO nosileutis (amka, vathmida_nosileuti) VALUES ('12080000027', 'Νοσηλευτής');
INSERT INTO nosileutis (amka, vathmida_nosileuti) VALUES ('24100300029', 'Βοηθός Νοσηλευτή');
INSERT INTO nosileutis (amka, vathmida_nosileuti) VALUES ('04096700030', 'Βοηθός Νοσηλευτή');
INSERT INTO nosileutis (amka, vathmida_nosileuti) VALUES ('10077100032', 'Νοσηλευτής');
INSERT INTO nosileutis (amka, vathmida_nosileuti) VALUES ('06057600035', 'Νοσηλευτής');
INSERT INTO nosileutis (amka, vathmida_nosileuti) VALUES ('07126600036', 'Νοσηλευτής');
INSERT INTO nosileutis (amka, vathmida_nosileuti) VALUES ('04127500039', 'Βοηθός Νοσηλευτή');
INSERT INTO nosileutis (amka, vathmida_nosileuti) VALUES ('25016700040', 'Νοσηλευτής');
INSERT INTO nosileutis (amka, vathmida_nosileuti) VALUES ('24067700042', 'Νοσηλευτής');
INSERT INTO nosileutis (amka, vathmida_nosileuti) VALUES ('18076900045', 'Νοσηλευτής');
INSERT INTO nosileutis (amka, vathmida_nosileuti) VALUES ('06019400047', 'Νοσηλευτής');
INSERT INTO nosileutis (amka, vathmida_nosileuti) VALUES ('23097500049', 'Προϊστάμενος');
INSERT INTO nosileutis (amka, vathmida_nosileuti) VALUES ('22119000051', 'Νοσηλευτής');
INSERT INTO nosileutis (amka, vathmida_nosileuti) VALUES ('10066300052', 'Βοηθός Νοσηλευτή');
INSERT INTO nosileutis (amka, vathmida_nosileuti) VALUES ('23016800055', 'Προϊστάμενος');
INSERT INTO nosileutis (amka, vathmida_nosileuti) VALUES ('24116800057', 'Νοσηλευτής');
INSERT INTO nosileutis (amka, vathmida_nosileuti) VALUES ('21126600059', 'Βοηθός Νοσηλευτή');
INSERT INTO nosileutis (amka, vathmida_nosileuti) VALUES ('11108900060', 'Νοσηλευτής');
INSERT INTO nosileutis (amka, vathmida_nosileuti) VALUES ('04049000063', 'Νοσηλευτής');
INSERT INTO nosileutis (amka, vathmida_nosileuti) VALUES ('11118200064', 'Νοσηλευτής');
INSERT INTO nosileutis (amka, vathmida_nosileuti) VALUES ('23090000066', 'Νοσηλευτής');
INSERT INTO nosileutis (amka, vathmida_nosileuti) VALUES ('16016500068', 'Νοσηλευτής');
INSERT INTO nosileutis (amka, vathmida_nosileuti) VALUES ('08089700071', 'Νοσηλευτής');
INSERT INTO nosileutis (amka, vathmida_nosileuti) VALUES ('13110100073', 'Βοηθός Νοσηλευτή');
INSERT INTO nosileutis (amka, vathmida_nosileuti) VALUES ('21099400074', 'Προϊστάμενος');
INSERT INTO nosileutis (amka, vathmida_nosileuti) VALUES ('12098700077', 'Νοσηλευτής');
INSERT INTO nosileutis (amka, vathmida_nosileuti) VALUES ('04118700079', 'Βοηθός Νοσηλευτή');
INSERT INTO nosileutis (amka, vathmida_nosileuti) VALUES ('17076500080', 'Προϊστάμενος');
INSERT INTO nosileutis (amka, vathmida_nosileuti) VALUES ('26027400082', 'Νοσηλευτής');
INSERT INTO nosileutis (amka, vathmida_nosileuti) VALUES ('20118300084', 'Βοηθός Νοσηλευτή');
INSERT INTO nosileutis (amka, vathmida_nosileuti) VALUES ('18070100087', 'Νοσηλευτής');
INSERT INTO nosileutis (amka, vathmida_nosileuti) VALUES ('14090000089', 'Νοσηλευτής');
INSERT INTO nosileutis (amka, vathmida_nosileuti) VALUES ('02027100090', 'Προϊστάμενος');
INSERT INTO nosileutis (amka, vathmida_nosileuti) VALUES ('02067700092', 'Προϊστάμενος');
INSERT INTO nosileutis (amka, vathmida_nosileuti) VALUES ('14087400094', 'Νοσηλευτής');
INSERT INTO nosileutis (amka, vathmida_nosileuti) VALUES ('26048600096', 'Νοσηλευτής');
INSERT INTO nosileutis (amka, vathmida_nosileuti) VALUES ('16087600099', 'Βοηθός Νοσηλευτή');
INSERT INTO nosileutis (amka, vathmida_nosileuti) VALUES ('14068400100', 'Νοσηλευτής');
INSERT INTO nosileutis (amka, vathmida_nosileuti) VALUES ('11068900103', 'Νοσηλευτής');
INSERT INTO nosileutis (amka, vathmida_nosileuti) VALUES ('14098200105', 'Νοσηλευτής');
INSERT INTO nosileutis (amka, vathmida_nosileuti) VALUES ('23017000107', 'Νοσηλευτής');
INSERT INTO nosileutis (amka, vathmida_nosileuti) VALUES ('25038700108', 'Προϊστάμενος');
INSERT INTO nosileutis (amka, vathmida_nosileuti) VALUES ('27018200110', 'Νοσηλευτής');
INSERT INTO nosileutis (amka, vathmida_nosileuti) VALUES ('25087800113', 'Νοσηλευτής');
INSERT INTO nosileutis (amka, vathmida_nosileuti) VALUES ('02017100114', 'Βοηθός Νοσηλευτή');
INSERT INTO nosileutis (amka, vathmida_nosileuti) VALUES ('09126300116', 'Νοσηλευτής');
INSERT INTO nosileutis (amka, vathmida_nosileuti) VALUES ('01057000119', 'Βοηθός Νοσηλευτή');
INSERT INTO nosileutis (amka, vathmida_nosileuti) VALUES ('14038100121', 'Νοσηλευτής');
INSERT INTO nosileutis (amka, vathmida_nosileuti) VALUES ('25069100123', 'Νοσηλευτής');
INSERT INTO nosileutis (amka, vathmida_nosileuti) VALUES ('23117000125', 'Νοσηλευτής');
INSERT INTO nosileutis (amka, vathmida_nosileuti) VALUES ('05078100127', 'Νοσηλευτής');
INSERT INTO nosileutis (amka, vathmida_nosileuti) VALUES ('07087100128', 'Νοσηλευτής');
INSERT INTO nosileutis (amka, vathmida_nosileuti) VALUES ('08018500130', 'Νοσηλευτής');
INSERT INTO nosileutis (amka, vathmida_nosileuti) VALUES ('14100300133', 'Νοσηλευτής');
INSERT INTO nosileutis (amka, vathmida_nosileuti) VALUES ('20067700134', 'Νοσηλευτής');
INSERT INTO nosileutis (amka, vathmida_nosileuti) VALUES ('07128100136', 'Προϊστάμενος');
INSERT INTO nosileutis (amka, vathmida_nosileuti) VALUES ('21087900139', 'Βοηθός Νοσηλευτή');
INSERT INTO nosileutis (amka, vathmida_nosileuti) VALUES ('26109600141', 'Νοσηλευτής');
INSERT INTO nosileutis (amka, vathmida_nosileuti) VALUES ('14077900143', 'Νοσηλευτής');
INSERT INTO nosileutis (amka, vathmida_nosileuti) VALUES ('22016600144', 'Νοσηλευτής');
INSERT INTO nosileutis (amka, vathmida_nosileuti) VALUES ('23057500146', 'Προϊστάμενος');
INSERT INTO nosileutis (amka, vathmida_nosileuti) VALUES ('05048000149', 'Προϊστάμενος');
INSERT INTO nosileutis (amka, vathmida_nosileuti) VALUES ('28129900150', 'Βοηθός Νοσηλευτή');
INSERT INTO nosileutis (amka, vathmida_nosileuti) VALUES ('10028400152', 'Προϊστάμενος');
INSERT INTO nosileutis (amka, vathmida_nosileuti) VALUES ('01019500155', 'Προϊστάμενος');
INSERT INTO nosileutis (amka, vathmida_nosileuti) VALUES ('27027000156', 'Νοσηλευτής');
INSERT INTO nosileutis (amka, vathmida_nosileuti) VALUES ('17036600159', 'Νοσηλευτής');
INSERT INTO nosileutis (amka, vathmida_nosileuti) VALUES ('03046800160', 'Νοσηλευτής');
INSERT INTO nosileutis (amka, vathmida_nosileuti) VALUES ('12089200162', 'Βοηθός Νοσηλευτή');
INSERT INTO nosileutis (amka, vathmida_nosileuti) VALUES ('15096300164', 'Νοσηλευτής');
INSERT INTO nosileutis (amka, vathmida_nosileuti) VALUES ('24020100167', 'Βοηθός Νοσηλευτή');
INSERT INTO nosileutis (amka, vathmida_nosileuti) VALUES ('07018100169', 'Νοσηλευτής');
INSERT INTO nosileutis (amka, vathmida_nosileuti) VALUES ('26117200171', 'Νοσηλευτής');
INSERT INTO nosileutis (amka, vathmida_nosileuti) VALUES ('27100000173', 'Προϊστάμενος');
INSERT INTO nosileutis (amka, vathmida_nosileuti) VALUES ('20069400175', 'Προϊστάμενος');
INSERT INTO nosileutis (amka, vathmida_nosileuti) VALUES ('12128100176', 'Βοηθός Νοσηλευτή');
INSERT INTO nosileutis (amka, vathmida_nosileuti) VALUES ('12079200179', 'Νοσηλευτής');
INSERT INTO nosileutis (amka, vathmida_nosileuti) VALUES ('25128100181', 'Προϊστάμενος');
INSERT INTO nosileutis (amka, vathmida_nosileuti) VALUES ('27037200182', 'Προϊστάμενος');
INSERT INTO nosileutis (amka, vathmida_nosileuti) VALUES ('21046400184', 'Προϊστάμενος');
INSERT INTO nosileutis (amka, vathmida_nosileuti) VALUES ('19078900187', 'Νοσηλευτής');
INSERT INTO nosileutis (amka, vathmida_nosileuti) VALUES ('15047100189', 'Βοηθός Νοσηλευτή');
INSERT INTO nosileutis (amka, vathmida_nosileuti) VALUES ('02100300190', 'Νοσηλευτής');
INSERT INTO nosileutis (amka, vathmida_nosileuti) VALUES ('27097500193', 'Νοσηλευτής');
INSERT INTO nosileutis (amka, vathmida_nosileuti) VALUES ('28028200195', 'Νοσηλευτής');
INSERT INTO nosileutis (amka, vathmida_nosileuti) VALUES ('16098800197', 'Βοηθός Νοσηλευτή');
INSERT INTO nosileutis (amka, vathmida_nosileuti) VALUES ('28019200198', 'Νοσηλευτής');
INSERT INTO nosileutis (amka, vathmida_nosileuti) VALUES ('04018100200', 'Βοηθός Νοσηλευτή');
INSERT INTO nosileutis (amka, vathmida_nosileuti) VALUES ('25019400202', 'Νοσηλευτής');
INSERT INTO nosileutis (amka, vathmida_nosileuti) VALUES ('13029600204', 'Προϊστάμενος');
INSERT INTO nosileutis (amka, vathmida_nosileuti) VALUES ('15077900206', 'Νοσηλευτής');
INSERT INTO nosileutis (amka, vathmida_nosileuti) VALUES ('01070100208', 'Νοσηλευτής');
INSERT INTO nosileutis (amka, vathmida_nosileuti) VALUES ('08026700210', 'Προϊστάμενος');
INSERT INTO nosileutis (amka, vathmida_nosileuti) VALUES ('06096300212', 'Νοσηλευτής');
INSERT INTO nosileutis (amka, vathmida_nosileuti) VALUES ('06048300215', 'Νοσηλευτής');
INSERT INTO nosileutis (amka, vathmida_nosileuti) VALUES ('28080000217', 'Νοσηλευτής');
INSERT INTO nosileutis (amka, vathmida_nosileuti) VALUES ('07039200219', 'Βοηθός Νοσηλευτή');
INSERT INTO nosileutis (amka, vathmida_nosileuti) VALUES ('17047300220', 'Προϊστάμενος');
INSERT INTO nosileutis (amka, vathmida_nosileuti) VALUES ('02096500222', 'Βοηθός Νοσηλευτή');
INSERT INTO nosileutis (amka, vathmida_nosileuti) VALUES ('16017100224', 'Προϊστάμενος');
INSERT INTO nosileutis (amka, vathmida_nosileuti) VALUES ('15018400227', 'Νοσηλευτής');
INSERT INTO nosileutis (amka, vathmida_nosileuti) VALUES ('07089400228', 'Προϊστάμενος');
INSERT INTO nosileutis (amka, vathmida_nosileuti) VALUES ('17097400231', 'Νοσηλευτής');
INSERT INTO nosileutis (amka, vathmida_nosileuti) VALUES ('19098500232', 'Βοηθός Νοσηλευτή');
INSERT INTO nosileutis (amka, vathmida_nosileuti) VALUES ('02068200235', 'Νοσηλευτής');
INSERT INTO nosileutis (amka, vathmida_nosileuti) VALUES ('19106500237', 'Νοσηλευτής');
INSERT INTO nosileutis (amka, vathmida_nosileuti) VALUES ('05129400238', 'Βοηθός Νοσηλευτή');
INSERT INTO nosileutis (amka, vathmida_nosileuti) VALUES ('03106800241', 'Νοσηλευτής');

-- ── 4. proswpiko_anikei_se_tmima ───────────────────────────────────────
INSERT INTO proswpiko_anikei_se_tmima (amka_proswpikou, tmima_id) VALUES ('08057500003', 2);
INSERT INTO proswpiko_anikei_se_tmima (amka_proswpikou, tmima_id) VALUES ('02017000004', 14);
INSERT INTO proswpiko_anikei_se_tmima (amka_proswpikou, tmima_id) VALUES ('15127400007', 8);
INSERT INTO proswpiko_anikei_se_tmima (amka_proswpikou, tmima_id) VALUES ('17090100008', 3);
INSERT INTO proswpiko_anikei_se_tmima (amka_proswpikou, tmima_id) VALUES ('10068000011', 13);
INSERT INTO proswpiko_anikei_se_tmima (amka_proswpikou, tmima_id) VALUES ('04068200012', 13);
INSERT INTO proswpiko_anikei_se_tmima (amka_proswpikou, tmima_id) VALUES ('17127300014', 20);
INSERT INTO proswpiko_anikei_se_tmima (amka_proswpikou, tmima_id) VALUES ('27039800017', 10);
INSERT INTO proswpiko_anikei_se_tmima (amka_proswpikou, tmima_id) VALUES ('22027400018', 2);
INSERT INTO proswpiko_anikei_se_tmima (amka_proswpikou, tmima_id) VALUES ('26098800020', 20);
INSERT INTO proswpiko_anikei_se_tmima (amka_proswpikou, tmima_id) VALUES ('25028100022', 20);
INSERT INTO proswpiko_anikei_se_tmima (amka_proswpikou, tmima_id) VALUES ('05038200025', 7);
INSERT INTO proswpiko_anikei_se_tmima (amka_proswpikou, tmima_id) VALUES ('12080000027', 13);
INSERT INTO proswpiko_anikei_se_tmima (amka_proswpikou, tmima_id) VALUES ('24100300029', 6);
INSERT INTO proswpiko_anikei_se_tmima (amka_proswpikou, tmima_id) VALUES ('04096700030', 4);
INSERT INTO proswpiko_anikei_se_tmima (amka_proswpikou, tmima_id) VALUES ('10077100032', 14);
INSERT INTO proswpiko_anikei_se_tmima (amka_proswpikou, tmima_id) VALUES ('06057600035', 16);
INSERT INTO proswpiko_anikei_se_tmima (amka_proswpikou, tmima_id) VALUES ('07126600036', 12);
INSERT INTO proswpiko_anikei_se_tmima (amka_proswpikou, tmima_id) VALUES ('04127500039', 14);
INSERT INTO proswpiko_anikei_se_tmima (amka_proswpikou, tmima_id) VALUES ('25016700040', 2);
INSERT INTO proswpiko_anikei_se_tmima (amka_proswpikou, tmima_id) VALUES ('24067700042', 8);
INSERT INTO proswpiko_anikei_se_tmima (amka_proswpikou, tmima_id) VALUES ('18076900045', 6);
INSERT INTO proswpiko_anikei_se_tmima (amka_proswpikou, tmima_id) VALUES ('06019400047', 14);
INSERT INTO proswpiko_anikei_se_tmima (amka_proswpikou, tmima_id) VALUES ('23097500049', 6);
INSERT INTO proswpiko_anikei_se_tmima (amka_proswpikou, tmima_id) VALUES ('22119000051', 3);
INSERT INTO proswpiko_anikei_se_tmima (amka_proswpikou, tmima_id) VALUES ('10066300052', 4);
INSERT INTO proswpiko_anikei_se_tmima (amka_proswpikou, tmima_id) VALUES ('23016800055', 6);
INSERT INTO proswpiko_anikei_se_tmima (amka_proswpikou, tmima_id) VALUES ('24116800057', 12);
INSERT INTO proswpiko_anikei_se_tmima (amka_proswpikou, tmima_id) VALUES ('21126600059', 13);
INSERT INTO proswpiko_anikei_se_tmima (amka_proswpikou, tmima_id) VALUES ('11108900060', 18);
INSERT INTO proswpiko_anikei_se_tmima (amka_proswpikou, tmima_id) VALUES ('04049000063', 18);
INSERT INTO proswpiko_anikei_se_tmima (amka_proswpikou, tmima_id) VALUES ('11118200064', 10);
INSERT INTO proswpiko_anikei_se_tmima (amka_proswpikou, tmima_id) VALUES ('23090000066', 14);
INSERT INTO proswpiko_anikei_se_tmima (amka_proswpikou, tmima_id) VALUES ('16016500068', 1);
INSERT INTO proswpiko_anikei_se_tmima (amka_proswpikou, tmima_id) VALUES ('08089700071', 7);
INSERT INTO proswpiko_anikei_se_tmima (amka_proswpikou, tmima_id) VALUES ('13110100073', 10);
INSERT INTO proswpiko_anikei_se_tmima (amka_proswpikou, tmima_id) VALUES ('21099400074', 11);
INSERT INTO proswpiko_anikei_se_tmima (amka_proswpikou, tmima_id) VALUES ('12098700077', 3);
INSERT INTO proswpiko_anikei_se_tmima (amka_proswpikou, tmima_id) VALUES ('04118700079', 15);
INSERT INTO proswpiko_anikei_se_tmima (amka_proswpikou, tmima_id) VALUES ('17076500080', 5);
INSERT INTO proswpiko_anikei_se_tmima (amka_proswpikou, tmima_id) VALUES ('26027400082', 5);
INSERT INTO proswpiko_anikei_se_tmima (amka_proswpikou, tmima_id) VALUES ('20118300084', 15);
INSERT INTO proswpiko_anikei_se_tmima (amka_proswpikou, tmima_id) VALUES ('18070100087', 14);
INSERT INTO proswpiko_anikei_se_tmima (amka_proswpikou, tmima_id) VALUES ('14090000089', 17);
INSERT INTO proswpiko_anikei_se_tmima (amka_proswpikou, tmima_id) VALUES ('02027100090', 14);
INSERT INTO proswpiko_anikei_se_tmima (amka_proswpikou, tmima_id) VALUES ('02067700092', 15);
INSERT INTO proswpiko_anikei_se_tmima (amka_proswpikou, tmima_id) VALUES ('14087400094', 7);
INSERT INTO proswpiko_anikei_se_tmima (amka_proswpikou, tmima_id) VALUES ('26048600096', 16);
INSERT INTO proswpiko_anikei_se_tmima (amka_proswpikou, tmima_id) VALUES ('16087600099', 2);
INSERT INTO proswpiko_anikei_se_tmima (amka_proswpikou, tmima_id) VALUES ('14068400100', 11);
INSERT INTO proswpiko_anikei_se_tmima (amka_proswpikou, tmima_id) VALUES ('11068900103', 20);
INSERT INTO proswpiko_anikei_se_tmima (amka_proswpikou, tmima_id) VALUES ('14098200105', 17);
INSERT INTO proswpiko_anikei_se_tmima (amka_proswpikou, tmima_id) VALUES ('23017000107', 12);
INSERT INTO proswpiko_anikei_se_tmima (amka_proswpikou, tmima_id) VALUES ('25038700108', 12);
INSERT INTO proswpiko_anikei_se_tmima (amka_proswpikou, tmima_id) VALUES ('27018200110', 17);
INSERT INTO proswpiko_anikei_se_tmima (amka_proswpikou, tmima_id) VALUES ('25087800113', 5);
INSERT INTO proswpiko_anikei_se_tmima (amka_proswpikou, tmima_id) VALUES ('02017100114', 5);
INSERT INTO proswpiko_anikei_se_tmima (amka_proswpikou, tmima_id) VALUES ('09126300116', 13);
INSERT INTO proswpiko_anikei_se_tmima (amka_proswpikou, tmima_id) VALUES ('01057000119', 8);
INSERT INTO proswpiko_anikei_se_tmima (amka_proswpikou, tmima_id) VALUES ('14038100121', 15);
INSERT INTO proswpiko_anikei_se_tmima (amka_proswpikou, tmima_id) VALUES ('25069100123', 8);
INSERT INTO proswpiko_anikei_se_tmima (amka_proswpikou, tmima_id) VALUES ('23117000125', 10);
INSERT INTO proswpiko_anikei_se_tmima (amka_proswpikou, tmima_id) VALUES ('05078100127', 1);
INSERT INTO proswpiko_anikei_se_tmima (amka_proswpikou, tmima_id) VALUES ('07087100128', 6);
INSERT INTO proswpiko_anikei_se_tmima (amka_proswpikou, tmima_id) VALUES ('08018500130', 12);
INSERT INTO proswpiko_anikei_se_tmima (amka_proswpikou, tmima_id) VALUES ('14100300133', 5);
INSERT INTO proswpiko_anikei_se_tmima (amka_proswpikou, tmima_id) VALUES ('20067700134', 18);
INSERT INTO proswpiko_anikei_se_tmima (amka_proswpikou, tmima_id) VALUES ('07128100136', 20);
INSERT INTO proswpiko_anikei_se_tmima (amka_proswpikou, tmima_id) VALUES ('21087900139', 1);
INSERT INTO proswpiko_anikei_se_tmima (amka_proswpikou, tmima_id) VALUES ('26109600141', 20);
INSERT INTO proswpiko_anikei_se_tmima (amka_proswpikou, tmima_id) VALUES ('14077900143', 3);
INSERT INTO proswpiko_anikei_se_tmima (amka_proswpikou, tmima_id) VALUES ('22016600144', 12);
INSERT INTO proswpiko_anikei_se_tmima (amka_proswpikou, tmima_id) VALUES ('23057500146', 5);
INSERT INTO proswpiko_anikei_se_tmima (amka_proswpikou, tmima_id) VALUES ('05048000149', 8);
INSERT INTO proswpiko_anikei_se_tmima (amka_proswpikou, tmima_id) VALUES ('28129900150', 14);
INSERT INTO proswpiko_anikei_se_tmima (amka_proswpikou, tmima_id) VALUES ('10028400152', 2);
INSERT INTO proswpiko_anikei_se_tmima (amka_proswpikou, tmima_id) VALUES ('01019500155', 12);
INSERT INTO proswpiko_anikei_se_tmima (amka_proswpikou, tmima_id) VALUES ('27027000156', 13);
INSERT INTO proswpiko_anikei_se_tmima (amka_proswpikou, tmima_id) VALUES ('17036600159', 12);
INSERT INTO proswpiko_anikei_se_tmima (amka_proswpikou, tmima_id) VALUES ('03046800160', 19);
INSERT INTO proswpiko_anikei_se_tmima (amka_proswpikou, tmima_id) VALUES ('12089200162', 16);
INSERT INTO proswpiko_anikei_se_tmima (amka_proswpikou, tmima_id) VALUES ('15096300164', 5);
INSERT INTO proswpiko_anikei_se_tmima (amka_proswpikou, tmima_id) VALUES ('24020100167', 10);
INSERT INTO proswpiko_anikei_se_tmima (amka_proswpikou, tmima_id) VALUES ('07018100169', 9);
INSERT INTO proswpiko_anikei_se_tmima (amka_proswpikou, tmima_id) VALUES ('26117200171', 2);
INSERT INTO proswpiko_anikei_se_tmima (amka_proswpikou, tmima_id) VALUES ('27100000173', 12);
INSERT INTO proswpiko_anikei_se_tmima (amka_proswpikou, tmima_id) VALUES ('20069400175', 18);
INSERT INTO proswpiko_anikei_se_tmima (amka_proswpikou, tmima_id) VALUES ('12128100176', 11);
INSERT INTO proswpiko_anikei_se_tmima (amka_proswpikou, tmima_id) VALUES ('12079200179', 4);
INSERT INTO proswpiko_anikei_se_tmima (amka_proswpikou, tmima_id) VALUES ('25128100181', 15);
INSERT INTO proswpiko_anikei_se_tmima (amka_proswpikou, tmima_id) VALUES ('27037200182', 18);
INSERT INTO proswpiko_anikei_se_tmima (amka_proswpikou, tmima_id) VALUES ('21046400184', 20);
INSERT INTO proswpiko_anikei_se_tmima (amka_proswpikou, tmima_id) VALUES ('19078900187', 6);
INSERT INTO proswpiko_anikei_se_tmima (amka_proswpikou, tmima_id) VALUES ('15047100189', 4);
INSERT INTO proswpiko_anikei_se_tmima (amka_proswpikou, tmima_id) VALUES ('02100300190', 8);
INSERT INTO proswpiko_anikei_se_tmima (amka_proswpikou, tmima_id) VALUES ('27097500193', 20);
INSERT INTO proswpiko_anikei_se_tmima (amka_proswpikou, tmima_id) VALUES ('28028200195', 9);
INSERT INTO proswpiko_anikei_se_tmima (amka_proswpikou, tmima_id) VALUES ('16098800197', 2);
INSERT INTO proswpiko_anikei_se_tmima (amka_proswpikou, tmima_id) VALUES ('28019200198', 16);
INSERT INTO proswpiko_anikei_se_tmima (amka_proswpikou, tmima_id) VALUES ('04018100200', 11);
INSERT INTO proswpiko_anikei_se_tmima (amka_proswpikou, tmima_id) VALUES ('25019400202', 2);
INSERT INTO proswpiko_anikei_se_tmima (amka_proswpikou, tmima_id) VALUES ('13029600204', 4);
INSERT INTO proswpiko_anikei_se_tmima (amka_proswpikou, tmima_id) VALUES ('15077900206', 17);
INSERT INTO proswpiko_anikei_se_tmima (amka_proswpikou, tmima_id) VALUES ('01070100208', 2);
INSERT INTO proswpiko_anikei_se_tmima (amka_proswpikou, tmima_id) VALUES ('08026700210', 13);
INSERT INTO proswpiko_anikei_se_tmima (amka_proswpikou, tmima_id) VALUES ('06096300212', 9);
INSERT INTO proswpiko_anikei_se_tmima (amka_proswpikou, tmima_id) VALUES ('06048300215', 3);
INSERT INTO proswpiko_anikei_se_tmima (amka_proswpikou, tmima_id) VALUES ('28080000217', 15);
INSERT INTO proswpiko_anikei_se_tmima (amka_proswpikou, tmima_id) VALUES ('07039200219', 7);
INSERT INTO proswpiko_anikei_se_tmima (amka_proswpikou, tmima_id) VALUES ('17047300220', 1);
INSERT INTO proswpiko_anikei_se_tmima (amka_proswpikou, tmima_id) VALUES ('02096500222', 14);
INSERT INTO proswpiko_anikei_se_tmima (amka_proswpikou, tmima_id) VALUES ('16017100224', 12);
INSERT INTO proswpiko_anikei_se_tmima (amka_proswpikou, tmima_id) VALUES ('15018400227', 2);
INSERT INTO proswpiko_anikei_se_tmima (amka_proswpikou, tmima_id) VALUES ('07089400228', 7);
INSERT INTO proswpiko_anikei_se_tmima (amka_proswpikou, tmima_id) VALUES ('17097400231', 6);
INSERT INTO proswpiko_anikei_se_tmima (amka_proswpikou, tmima_id) VALUES ('19098500232', 18);
INSERT INTO proswpiko_anikei_se_tmima (amka_proswpikou, tmima_id) VALUES ('02068200235', 5);
INSERT INTO proswpiko_anikei_se_tmima (amka_proswpikou, tmima_id) VALUES ('19106500237', 14);
INSERT INTO proswpiko_anikei_se_tmima (amka_proswpikou, tmima_id) VALUES ('05129400238', 5);
INSERT INTO proswpiko_anikei_se_tmima (amka_proswpikou, tmima_id) VALUES ('03106800241', 17);

SET FOREIGN_KEY_CHECKS = 1;
