-- Administrative staff: anthropos + proswpiko + dioikitiko
-- Generated by generate_dioikitiko.py
-- 70 admin staff, unique AMKAs (no overlap with iatros/asthenis/nosileutis)

SET FOREIGN_KEY_CHECKS = 0;
SET NAMES utf8mb4;

-- ── 1. anthropos ────────────────────────────────────────────────────────
INSERT INTO anthropos (amka, onoma, eponymo, ilikia, email, tilefono) VALUES ('06087900003', 'Σιλουανός', 'Μυλωνάς', 46, 'siloyanos.mylonas1@hospital.gr', '+306986567558');
INSERT INTO anthropos (amka, onoma, eponymo, ilikia, email, tilefono) VALUES ('09058100005', 'Παύλος', 'Μαρής', 45, 'paylos.maris2@hospital.gr', '+306919854959');
INSERT INTO anthropos (amka, onoma, eponymo, ilikia, email, tilefono) VALUES ('07058100007', 'Βασίλειος', 'Ελευθεριάδης', 45, 'vasileios.eleytheriadis3@hospital.gr', '+306972239183');
INSERT INTO anthropos (amka, onoma, eponymo, ilikia, email, tilefono) VALUES ('07089300009', 'Βρασίδας', 'Μπλέτσας', 32, 'vrasidas.mpletsas4@hospital.gr', '+306990729535');
INSERT INTO anthropos (amka, onoma, eponymo, ilikia, email, tilefono) VALUES ('24116800011', 'Φώτιος', 'Μπακογιάννης', 57, 'fotios.mpakogiannis5@hospital.gr', '+306999606562');
INSERT INTO anthropos (amka, onoma, eponymo, ilikia, email, tilefono) VALUES ('08076500013', 'Ηλίας', 'Μαρινάκης', 60, 'ilias.marinakis6@hospital.gr', '+306915973969');
INSERT INTO anthropos (amka, onoma, eponymo, ilikia, email, tilefono) VALUES ('28099700014', 'Χαραλαμπία', 'Μητροπούλου', 28, 'charalampia.mitropoyloy7@hospital.gr', '+306960555805');
INSERT INTO anthropos (amka, onoma, eponymo, ilikia, email, tilefono) VALUES ('22090200017', 'Πτολεμαίος', 'Ουζουνίδης', 23, 'ptolemaios.oyzoynidis8@hospital.gr', '+306981168589');
INSERT INTO anthropos (amka, onoma, eponymo, ilikia, email, tilefono) VALUES ('17099200018', 'Κυβέλη', 'Γιαλαμά', 33, 'kyveli.gialama9@hospital.gr', '+306958389037');
INSERT INTO anthropos (amka, onoma, eponymo, ilikia, email, tilefono) VALUES ('11048400020', 'Ερμιόνη', 'Μαραγκού', 42, 'ermioni.maragkoy10@hospital.gr', '+306924404652');
INSERT INTO anthropos (amka, onoma, eponymo, ilikia, email, tilefono) VALUES ('13089700022', 'Αμαλία', 'Σκλάβου', 28, 'amalia.sklavoy11@hospital.gr', '+306990281273');
INSERT INTO anthropos (amka, onoma, eponymo, ilikia, email, tilefono) VALUES ('11119000025', 'Παναγιώτης', 'Αλεξίου', 35, 'panagiotis.alexioy12@hospital.gr', '+306963389970');
INSERT INTO anthropos (amka, onoma, eponymo, ilikia, email, tilefono) VALUES ('21128200026', 'Αγλαΐα', 'Μπλέτσα', 43, 'aglaia.mpletsa13@hospital.gr', '+306945294903');
INSERT INTO anthropos (amka, onoma, eponymo, ilikia, email, tilefono) VALUES ('10129900028', 'Αθηνά', 'Αναστασιάδη', 26, 'athina.anastasiadi14@hospital.gr', '+306951868451');
INSERT INTO anthropos (amka, onoma, eponymo, ilikia, email, tilefono) VALUES ('10087100031', 'Ισίδωρος', 'Αντωνιάδης', 54, 'isidoros.antoniadis15@hospital.gr', '+306942742291');
INSERT INTO anthropos (amka, onoma, eponymo, ilikia, email, tilefono) VALUES ('20057400032', 'Μελίνα', 'Πανταζή', 51, 'melina.pantazi16@hospital.gr', '+306982428827');
INSERT INTO anthropos (amka, onoma, eponymo, ilikia, email, tilefono) VALUES ('18070000034', 'Αθηνά', 'Παπαφιλίππου', 25, 'athina.papafilippoy17@hospital.gr', '+306945120050');
INSERT INTO anthropos (amka, onoma, eponymo, ilikia, email, tilefono) VALUES ('27097300037', 'Φαίδρος', 'Μυλωνάς', 52, 'faidros.mylonas18@hospital.gr', '+306968378026');
INSERT INTO anthropos (amka, onoma, eponymo, ilikia, email, tilefono) VALUES ('04099900038', 'Μαργαρίτα', 'Εμμανουηλίδου', 26, 'margarita.emmanoyilidoy19@hospital.gr', '+306982079196');
INSERT INTO anthropos (amka, onoma, eponymo, ilikia, email, tilefono) VALUES ('24039400040', 'Μυρτώ', 'Διαμαντοπούλου', 32, 'myrto.diamantopoyloy20@hospital.gr', '+306910719698');
INSERT INTO anthropos (amka, onoma, eponymo, ilikia, email, tilefono) VALUES ('02126600042', 'Διονυσία', 'Κυπραίου', 59, 'dionysia.kypraioy21@hospital.gr', '+306949178062');
INSERT INTO anthropos (amka, onoma, eponymo, ilikia, email, tilefono) VALUES ('07076400044', 'Άννα', 'Μέλιου', 61, 'anna.melioy22@hospital.gr', '+306928439602');
INSERT INTO anthropos (amka, onoma, eponymo, ilikia, email, tilefono) VALUES ('09086300047', 'Φοίβος', 'Καντζιλιέρης', 62, 'foivos.kantzilieris23@hospital.gr', '+306986115156');
INSERT INTO anthropos (amka, onoma, eponymo, ilikia, email, tilefono) VALUES ('18110200048', 'Ελευθερία', 'Γαλάνη', 23, 'eleytheria.galani24@hospital.gr', '+306983506204');
INSERT INTO anthropos (amka, onoma, eponymo, ilikia, email, tilefono) VALUES ('06078900051', 'Σάκης', 'Μυλωνάς', 36, 'sakis.mylonas25@hospital.gr', '+306913584690');
INSERT INTO anthropos (amka, onoma, eponymo, ilikia, email, tilefono) VALUES ('02027900052', 'Μαρία', 'Κυπραίου', 47, 'maria.kypraioy26@hospital.gr', '+306939846227');
INSERT INTO anthropos (amka, onoma, eponymo, ilikia, email, tilefono) VALUES ('20038100055', 'Ανδρέας', 'Μπότσαρης', 45, 'andreas.mpotsaris27@hospital.gr', '+306921474931');
INSERT INTO anthropos (amka, onoma, eponymo, ilikia, email, tilefono) VALUES ('08069500056', 'Όλγα', 'Λαμπροπούλου', 30, 'olga.lampropoyloy28@hospital.gr', '+306924796053');
INSERT INTO anthropos (amka, onoma, eponymo, ilikia, email, tilefono) VALUES ('07019600058', 'Κίρκη', 'Γεωργιάδου', 30, 'kirki.georgiadoy29@hospital.gr', '+306934408165');
INSERT INTO anthropos (amka, onoma, eponymo, ilikia, email, tilefono) VALUES ('22119800060', 'Γιολάντα', 'Σκυλίτση', 27, 'giolanta.skylitsi30@hospital.gr', '+306961478940');
INSERT INTO anthropos (amka, onoma, eponymo, ilikia, email, tilefono) VALUES ('28027000062', 'Θωμαή', 'Φανουράκη', 56, 'thomai.fanoyraki31@hospital.gr', '+306996918328');
INSERT INTO anthropos (amka, onoma, eponymo, ilikia, email, tilefono) VALUES ('25097000065', 'Κυριάκος', 'Βαρώτσος', 55, 'kyriakos.varotsos32@hospital.gr', '+306940770554');
INSERT INTO anthropos (amka, onoma, eponymo, ilikia, email, tilefono) VALUES ('19109000066', 'Αντωνία', 'Κουταλιανού', 35, 'antonia.koytalianoy33@hospital.gr', '+306969947110');
INSERT INTO anthropos (amka, onoma, eponymo, ilikia, email, tilefono) VALUES ('23047500069', 'Διονύσιος', 'Λαμέρας', 51, 'dionysios.lameras34@hospital.gr', '+306926152049');
INSERT INTO anthropos (amka, onoma, eponymo, ilikia, email, tilefono) VALUES ('11078000071', 'Αλέξανδρος', 'Πανταζής', 45, 'alexandros.pantazis35@hospital.gr', '+306940914644');
INSERT INTO anthropos (amka, onoma, eponymo, ilikia, email, tilefono) VALUES ('13056400072', 'Φωτεινή', 'Κωνσταντοπούλου', 62, 'foteini.konstantopoyloy36@hospital.gr', '+306953863634');
INSERT INTO anthropos (amka, onoma, eponymo, ilikia, email, tilefono) VALUES ('08127000075', 'Μαριάννος', 'Θάνος', 55, 'mariannos.thanos37@hospital.gr', '+306910898055');
INSERT INTO anthropos (amka, onoma, eponymo, ilikia, email, tilefono) VALUES ('15079200076', 'Ειρήνη', 'Τοκατλίδη', 33, 'eirini.tokatlidi38@hospital.gr', '+306943185736');
INSERT INTO anthropos (amka, onoma, eponymo, ilikia, email, tilefono) VALUES ('25109300078', 'Ζουμπουλιά', 'Τσουκαλά', 32, 'zoympoylia.tsoykala39@hospital.gr', '+306949820409');
INSERT INTO anthropos (amka, onoma, eponymo, ilikia, email, tilefono) VALUES ('18088700080', 'Δανάη', 'Παναγούλη', 38, 'danai.panagoyli40@hospital.gr', '+306964431571');
INSERT INTO anthropos (amka, onoma, eponymo, ilikia, email, tilefono) VALUES ('22127900083', 'Λαέρτης', 'Πετράκος', 46, 'laertis.petrakos41@hospital.gr', '+306987340818');
INSERT INTO anthropos (amka, onoma, eponymo, ilikia, email, tilefono) VALUES ('04026600084', 'Στέλλα', 'Βλαβιανού', 60, 'stella.vlavianoy42@hospital.gr', '+306996517571');
INSERT INTO anthropos (amka, onoma, eponymo, ilikia, email, tilefono) VALUES ('08070300087', 'Ελευθέριος', 'Αθανασιάδης', 22, 'eleytherios.athanasiadis43@hospital.gr', '+306986803165');
INSERT INTO anthropos (amka, onoma, eponymo, ilikia, email, tilefono) VALUES ('13017600089', 'Στυλιανός', 'Καβαλούρης', 50, 'stylianos.kavaloyris44@hospital.gr', '+306940823869');
INSERT INTO anthropos (amka, onoma, eponymo, ilikia, email, tilefono) VALUES ('12076400090', 'Μαργαρίτα', 'Παυλοπούλου', 61, 'margarita.paylopoyloy45@hospital.gr', '+306955245158');
INSERT INTO anthropos (amka, onoma, eponymo, ilikia, email, tilefono) VALUES ('13117800093', 'Περικλής', 'Γερμανός', 47, 'periklis.germanos46@hospital.gr', '+306952194484');
INSERT INTO anthropos (amka, onoma, eponymo, ilikia, email, tilefono) VALUES ('24119500094', 'Ειρήνη', 'Σπυροπούλου', 30, 'eirini.spyropoyloy47@hospital.gr', '+306976570047');
INSERT INTO anthropos (amka, onoma, eponymo, ilikia, email, tilefono) VALUES ('27107900097', 'Δημήτριος', 'Σαμαράς', 46, 'dimitrios.samaras48@hospital.gr', '+306982145601');
INSERT INTO anthropos (amka, onoma, eponymo, ilikia, email, tilefono) VALUES ('12086400098', 'Δέσποινα', 'Κορνάρου', 61, 'despoina.kornaroy49@hospital.gr', '+306916528444');
INSERT INTO anthropos (amka, onoma, eponymo, ilikia, email, tilefono) VALUES ('28086600100', 'Γιολάντα', 'Αργυράκου', 59, 'giolanta.argyrakoy50@hospital.gr', '+306971265109');
INSERT INTO anthropos (amka, onoma, eponymo, ilikia, email, tilefono) VALUES ('09127300103', 'Πέτρος', 'Λαμπάκης', 52, 'petros.lampakis51@hospital.gr', '+306920526395');
INSERT INTO anthropos (amka, onoma, eponymo, ilikia, email, tilefono) VALUES ('15049700105', 'Άγγελος', 'Γούσιος', 29, 'aggelos.goysios52@hospital.gr', '+306962179257');
INSERT INTO anthropos (amka, onoma, eponymo, ilikia, email, tilefono) VALUES ('15039800106', 'Χάιδω', 'Θεοδοσιάδη', 28, 'chaido.theodosiadi53@hospital.gr', '+306990637615');
INSERT INTO anthropos (amka, onoma, eponymo, ilikia, email, tilefono) VALUES ('05128600108', 'Σίλβια', 'Κοφινά', 39, 'silvia.kofina54@hospital.gr', '+306956883556');
INSERT INTO anthropos (amka, onoma, eponymo, ilikia, email, tilefono) VALUES ('06086500110', 'Μυρτώ', 'Αλαφούζου', 60, 'myrto.alafoyzoy55@hospital.gr', '+306955269274');
INSERT INTO anthropos (amka, onoma, eponymo, ilikia, email, tilefono) VALUES ('12016600112', 'Ολυμπία', 'Γραμματικοπούλου', 60, 'olympia.grammatikopoyloy56@hospital.gr', '+306939591714');
INSERT INTO anthropos (amka, onoma, eponymo, ilikia, email, tilefono) VALUES ('15037900115', 'Λάζαρος', 'Σκλάβος', 47, 'lazaros.sklavos57@hospital.gr', '+306930081309');
INSERT INTO anthropos (amka, onoma, eponymo, ilikia, email, tilefono) VALUES ('03036900116', 'Θωμαή', 'Βούλγαρη', 57, 'thomai.voylgari58@hospital.gr', '+306957641293');
INSERT INTO anthropos (amka, onoma, eponymo, ilikia, email, tilefono) VALUES ('21117100118', 'Όλγα', 'Φανουράκη', 54, 'olga.fanoyraki59@hospital.gr', '+306944606125');
INSERT INTO anthropos (amka, onoma, eponymo, ilikia, email, tilefono) VALUES ('18027000120', 'Δήμητρα', 'Γούσιου', 56, 'dimitra.goysioy60@hospital.gr', '+306975191686');
INSERT INTO anthropos (amka, onoma, eponymo, ilikia, email, tilefono) VALUES ('25109100122', 'Μαρία', 'Αλαφούζου', 34, 'maria.alafoyzoy61@hospital.gr', '+306940102826');
INSERT INTO anthropos (amka, onoma, eponymo, ilikia, email, tilefono) VALUES ('17069900124', 'Ναταλία', 'Θάνου', 26, 'natalia.thanoy62@hospital.gr', '+306946168950');
INSERT INTO anthropos (amka, onoma, eponymo, ilikia, email, tilefono) VALUES ('26100000127', 'Πτολεμαίος', 'Θεοδοσίου', 25, 'ptolemaios.theodosioy63@hospital.gr', '+306957450625');
INSERT INTO anthropos (amka, onoma, eponymo, ilikia, email, tilefono) VALUES ('23026600128', 'Λουκία', 'Ιωαννίδου', 60, 'loykia.ioannidoy64@hospital.gr', '+306935264034');
INSERT INTO anthropos (amka, onoma, eponymo, ilikia, email, tilefono) VALUES ('27108000130', 'Ναυσικά', 'Μουσούρη', 45, 'naysika.moysoyri65@hospital.gr', '+306932813991');
INSERT INTO anthropos (amka, onoma, eponymo, ilikia, email, tilefono) VALUES ('02010300132', 'Άννα', 'Τριανταφυλλοπούλου', 23, 'anna.triantafyllopoyloy66@hospital.gr', '+306917891597');
INSERT INTO anthropos (amka, onoma, eponymo, ilikia, email, tilefono) VALUES ('03046900134', 'Λουκία', 'Αδαμοπούλου', 57, 'loykia.adamopoyloy67@hospital.gr', '+306991443799');
INSERT INTO anthropos (amka, onoma, eponymo, ilikia, email, tilefono) VALUES ('20077700137', 'Πέτρος', 'Ξανθόπουλος', 48, 'petros.xanthopoylos68@hospital.gr', '+306950050047');
INSERT INTO anthropos (amka, onoma, eponymo, ilikia, email, tilefono) VALUES ('21100100139', 'Ανδρέας', 'Τριανταφυλλόπουλος', 24, 'andreas.triantafyllopoylos69@hospital.gr', '+306946865516');
INSERT INTO anthropos (amka, onoma, eponymo, ilikia, email, tilefono) VALUES ('06108200140', 'Αλίκη', 'Καλλιγά', 43, 'aliki.kalliga70@hospital.gr', '+306935683292');

-- ── 2. proswpiko ───────────────────────────────────────────────────────
INSERT INTO proswpiko (amka, imerominia_proslipsis, typos_proswpikou) VALUES ('06087900003', '2012-11-11', 'Διοικητικό');
INSERT INTO proswpiko (amka, imerominia_proslipsis, typos_proswpikou) VALUES ('09058100005', '2020-01-01', 'Διοικητικό');
INSERT INTO proswpiko (amka, imerominia_proslipsis, typos_proswpikou) VALUES ('07058100007', '2014-09-27', 'Διοικητικό');
INSERT INTO proswpiko (amka, imerominia_proslipsis, typos_proswpikou) VALUES ('07089300009', '2021-10-22', 'Διοικητικό');
INSERT INTO proswpiko (amka, imerominia_proslipsis, typos_proswpikou) VALUES ('24116800011', '2019-07-22', 'Διοικητικό');
INSERT INTO proswpiko (amka, imerominia_proslipsis, typos_proswpikou) VALUES ('08076500013', '2020-07-14', 'Διοικητικό');
INSERT INTO proswpiko (amka, imerominia_proslipsis, typos_proswpikou) VALUES ('28099700014', '2016-03-28', 'Διοικητικό');
INSERT INTO proswpiko (amka, imerominia_proslipsis, typos_proswpikou) VALUES ('22090200017', '2014-06-02', 'Διοικητικό');
INSERT INTO proswpiko (amka, imerominia_proslipsis, typos_proswpikou) VALUES ('17099200018', '2007-03-03', 'Διοικητικό');
INSERT INTO proswpiko (amka, imerominia_proslipsis, typos_proswpikou) VALUES ('11048400020', '2000-08-18', 'Διοικητικό');
INSERT INTO proswpiko (amka, imerominia_proslipsis, typos_proswpikou) VALUES ('13089700022', '2020-01-18', 'Διοικητικό');
INSERT INTO proswpiko (amka, imerominia_proslipsis, typos_proswpikou) VALUES ('11119000025', '2024-07-01', 'Διοικητικό');
INSERT INTO proswpiko (amka, imerominia_proslipsis, typos_proswpikou) VALUES ('21128200026', '2004-05-07', 'Διοικητικό');
INSERT INTO proswpiko (amka, imerominia_proslipsis, typos_proswpikou) VALUES ('10129900028', '2010-12-02', 'Διοικητικό');
INSERT INTO proswpiko (amka, imerominia_proslipsis, typos_proswpikou) VALUES ('10087100031', '2003-06-24', 'Διοικητικό');
INSERT INTO proswpiko (amka, imerominia_proslipsis, typos_proswpikou) VALUES ('20057400032', '2004-12-21', 'Διοικητικό');
INSERT INTO proswpiko (amka, imerominia_proslipsis, typos_proswpikou) VALUES ('18070000034', '2023-10-17', 'Διοικητικό');
INSERT INTO proswpiko (amka, imerominia_proslipsis, typos_proswpikou) VALUES ('27097300037', '2000-08-04', 'Διοικητικό');
INSERT INTO proswpiko (amka, imerominia_proslipsis, typos_proswpikou) VALUES ('04099900038', '2020-09-13', 'Διοικητικό');
INSERT INTO proswpiko (amka, imerominia_proslipsis, typos_proswpikou) VALUES ('24039400040', '2021-09-14', 'Διοικητικό');
INSERT INTO proswpiko (amka, imerominia_proslipsis, typos_proswpikou) VALUES ('02126600042', '2004-06-27', 'Διοικητικό');
INSERT INTO proswpiko (amka, imerominia_proslipsis, typos_proswpikou) VALUES ('07076400044', '2018-09-06', 'Διοικητικό');
INSERT INTO proswpiko (amka, imerominia_proslipsis, typos_proswpikou) VALUES ('09086300047', '2008-10-01', 'Διοικητικό');
INSERT INTO proswpiko (amka, imerominia_proslipsis, typos_proswpikou) VALUES ('18110200048', '2014-01-05', 'Διοικητικό');
INSERT INTO proswpiko (amka, imerominia_proslipsis, typos_proswpikou) VALUES ('06078900051', '2024-06-07', 'Διοικητικό');
INSERT INTO proswpiko (amka, imerominia_proslipsis, typos_proswpikou) VALUES ('02027900052', '2013-07-19', 'Διοικητικό');
INSERT INTO proswpiko (amka, imerominia_proslipsis, typos_proswpikou) VALUES ('20038100055', '2005-09-28', 'Διοικητικό');
INSERT INTO proswpiko (amka, imerominia_proslipsis, typos_proswpikou) VALUES ('08069500056', '2022-10-05', 'Διοικητικό');
INSERT INTO proswpiko (amka, imerominia_proslipsis, typos_proswpikou) VALUES ('07019600058', '2012-10-17', 'Διοικητικό');
INSERT INTO proswpiko (amka, imerominia_proslipsis, typos_proswpikou) VALUES ('22119800060', '2014-08-21', 'Διοικητικό');
INSERT INTO proswpiko (amka, imerominia_proslipsis, typos_proswpikou) VALUES ('28027000062', '2014-11-18', 'Διοικητικό');
INSERT INTO proswpiko (amka, imerominia_proslipsis, typos_proswpikou) VALUES ('25097000065', '2010-08-21', 'Διοικητικό');
INSERT INTO proswpiko (amka, imerominia_proslipsis, typos_proswpikou) VALUES ('19109000066', '2012-11-12', 'Διοικητικό');
INSERT INTO proswpiko (amka, imerominia_proslipsis, typos_proswpikou) VALUES ('23047500069', '2002-10-29', 'Διοικητικό');
INSERT INTO proswpiko (amka, imerominia_proslipsis, typos_proswpikou) VALUES ('11078000071', '2021-07-17', 'Διοικητικό');
INSERT INTO proswpiko (amka, imerominia_proslipsis, typos_proswpikou) VALUES ('13056400072', '2001-10-23', 'Διοικητικό');
INSERT INTO proswpiko (amka, imerominia_proslipsis, typos_proswpikou) VALUES ('08127000075', '2000-06-03', 'Διοικητικό');
INSERT INTO proswpiko (amka, imerominia_proslipsis, typos_proswpikou) VALUES ('15079200076', '2000-09-28', 'Διοικητικό');
INSERT INTO proswpiko (amka, imerominia_proslipsis, typos_proswpikou) VALUES ('25109300078', '2023-12-31', 'Διοικητικό');
INSERT INTO proswpiko (amka, imerominia_proslipsis, typos_proswpikou) VALUES ('18088700080', '2008-01-28', 'Διοικητικό');
INSERT INTO proswpiko (amka, imerominia_proslipsis, typos_proswpikou) VALUES ('22127900083', '2005-09-01', 'Διοικητικό');
INSERT INTO proswpiko (amka, imerominia_proslipsis, typos_proswpikou) VALUES ('04026600084', '2009-08-29', 'Διοικητικό');
INSERT INTO proswpiko (amka, imerominia_proslipsis, typos_proswpikou) VALUES ('08070300087', '2020-03-16', 'Διοικητικό');
INSERT INTO proswpiko (amka, imerominia_proslipsis, typos_proswpikou) VALUES ('13017600089', '2023-09-22', 'Διοικητικό');
INSERT INTO proswpiko (amka, imerominia_proslipsis, typos_proswpikou) VALUES ('12076400090', '2005-10-18', 'Διοικητικό');
INSERT INTO proswpiko (amka, imerominia_proslipsis, typos_proswpikou) VALUES ('13117800093', '2022-08-18', 'Διοικητικό');
INSERT INTO proswpiko (amka, imerominia_proslipsis, typos_proswpikou) VALUES ('24119500094', '2023-12-24', 'Διοικητικό');
INSERT INTO proswpiko (amka, imerominia_proslipsis, typos_proswpikou) VALUES ('27107900097', '2002-01-04', 'Διοικητικό');
INSERT INTO proswpiko (amka, imerominia_proslipsis, typos_proswpikou) VALUES ('12086400098', '2017-11-15', 'Διοικητικό');
INSERT INTO proswpiko (amka, imerominia_proslipsis, typos_proswpikou) VALUES ('28086600100', '2009-08-29', 'Διοικητικό');
INSERT INTO proswpiko (amka, imerominia_proslipsis, typos_proswpikou) VALUES ('09127300103', '2001-06-12', 'Διοικητικό');
INSERT INTO proswpiko (amka, imerominia_proslipsis, typos_proswpikou) VALUES ('15049700105', '2015-09-19', 'Διοικητικό');
INSERT INTO proswpiko (amka, imerominia_proslipsis, typos_proswpikou) VALUES ('15039800106', '2013-02-03', 'Διοικητικό');
INSERT INTO proswpiko (amka, imerominia_proslipsis, typos_proswpikou) VALUES ('05128600108', '2009-02-18', 'Διοικητικό');
INSERT INTO proswpiko (amka, imerominia_proslipsis, typos_proswpikou) VALUES ('06086500110', '2005-12-15', 'Διοικητικό');
INSERT INTO proswpiko (amka, imerominia_proslipsis, typos_proswpikou) VALUES ('12016600112', '2003-11-14', 'Διοικητικό');
INSERT INTO proswpiko (amka, imerominia_proslipsis, typos_proswpikou) VALUES ('15037900115', '2008-08-30', 'Διοικητικό');
INSERT INTO proswpiko (amka, imerominia_proslipsis, typos_proswpikou) VALUES ('03036900116', '2000-08-17', 'Διοικητικό');
INSERT INTO proswpiko (amka, imerominia_proslipsis, typos_proswpikou) VALUES ('21117100118', '2024-01-03', 'Διοικητικό');
INSERT INTO proswpiko (amka, imerominia_proslipsis, typos_proswpikou) VALUES ('18027000120', '2001-12-30', 'Διοικητικό');
INSERT INTO proswpiko (amka, imerominia_proslipsis, typos_proswpikou) VALUES ('25109100122', '2012-10-07', 'Διοικητικό');
INSERT INTO proswpiko (amka, imerominia_proslipsis, typos_proswpikou) VALUES ('17069900124', '2016-08-03', 'Διοικητικό');
INSERT INTO proswpiko (amka, imerominia_proslipsis, typos_proswpikou) VALUES ('26100000127', '2001-03-13', 'Διοικητικό');
INSERT INTO proswpiko (amka, imerominia_proslipsis, typos_proswpikou) VALUES ('23026600128', '2005-09-29', 'Διοικητικό');
INSERT INTO proswpiko (amka, imerominia_proslipsis, typos_proswpikou) VALUES ('27108000130', '2015-01-03', 'Διοικητικό');
INSERT INTO proswpiko (amka, imerominia_proslipsis, typos_proswpikou) VALUES ('02010300132', '2017-08-17', 'Διοικητικό');
INSERT INTO proswpiko (amka, imerominia_proslipsis, typos_proswpikou) VALUES ('03046900134', '2001-01-31', 'Διοικητικό');
INSERT INTO proswpiko (amka, imerominia_proslipsis, typos_proswpikou) VALUES ('20077700137', '2016-11-01', 'Διοικητικό');
INSERT INTO proswpiko (amka, imerominia_proslipsis, typos_proswpikou) VALUES ('21100100139', '2021-05-01', 'Διοικητικό');
INSERT INTO proswpiko (amka, imerominia_proslipsis, typos_proswpikou) VALUES ('06108200140', '2002-03-29', 'Διοικητικό');

-- ── 3. dioikitiko ──────────────────────────────────────────────────────
INSERT INTO dioikitiko (amka, rolos, grafeio) VALUES ('06087900003', 'Γραμματέας', 'Αίθουσα 241');
INSERT INTO dioikitiko (amka, rolos, grafeio) VALUES ('09058100005', 'Υπεύθυνος Προμηθειών', NULL);
INSERT INTO dioikitiko (amka, rolos, grafeio) VALUES ('07058100007', 'Γραμματέας', 'Γραφείο 184');
INSERT INTO dioikitiko (amka, rolos, grafeio) VALUES ('07089300009', 'Διοικητικός Διευθυντής Τμήματος', 'Γραφείο 322');
INSERT INTO dioikitiko (amka, rolos, grafeio) VALUES ('24116800011', 'Υπεύθυνος Πληροφορικής', NULL);
INSERT INTO dioikitiko (amka, rolos, grafeio) VALUES ('08076500013', 'Υπεύθυνος Αρχείου', 'Τμήμα 105');
INSERT INTO dioikitiko (amka, rolos, grafeio) VALUES ('28099700014', 'Υπεύθυνος Αρχείου', 'Αίθουσα 253');
INSERT INTO dioikitiko (amka, rolos, grafeio) VALUES ('22090200017', 'Γραμματέας', 'Αίθουσα 156');
INSERT INTO dioikitiko (amka, rolos, grafeio) VALUES ('17099200018', 'Γραμματέας', 'Τμήμα 172');
INSERT INTO dioikitiko (amka, rolos, grafeio) VALUES ('11048400020', 'Υπεύθυνος Αρχείου', 'Τμήμα 335');
INSERT INTO dioikitiko (amka, rolos, grafeio) VALUES ('13089700022', 'Υπεύθυνος Προμηθειών', 'Γραφείο 309');
INSERT INTO dioikitiko (amka, rolos, grafeio) VALUES ('11119000025', 'Γραμματέας', 'Αίθουσα 167');
INSERT INTO dioikitiko (amka, rolos, grafeio) VALUES ('21128200026', 'Υπεύθυνος Ανθρώπινου Δυναμικού', 'Γραφείο 153');
INSERT INTO dioikitiko (amka, rolos, grafeio) VALUES ('10129900028', 'Υπεύθυνος Αρχείου', 'Γραφείο 336');
INSERT INTO dioikitiko (amka, rolos, grafeio) VALUES ('10087100031', 'Λογιστής', 'Γραφείο 189');
INSERT INTO dioikitiko (amka, rolos, grafeio) VALUES ('20057400032', 'Υπεύθυνος Πληροφορικής', 'Αίθουσα 274');
INSERT INTO dioikitiko (amka, rolos, grafeio) VALUES ('18070000034', 'Υπεύθυνος Ανθρώπινου Δυναμικού', 'Τμήμα 167');
INSERT INTO dioikitiko (amka, rolos, grafeio) VALUES ('27097300037', 'Γραμματέας', 'Γραφείο 167');
INSERT INTO dioikitiko (amka, rolos, grafeio) VALUES ('04099900038', 'Υπεύθυνος Ανθρώπινου Δυναμικού', 'Αίθουσα 271');
INSERT INTO dioikitiko (amka, rolos, grafeio) VALUES ('24039400040', 'Γραμματέας', 'Τμήμα 182');
INSERT INTO dioikitiko (amka, rolos, grafeio) VALUES ('02126600042', 'Γραμματέας', NULL);
INSERT INTO dioikitiko (amka, rolos, grafeio) VALUES ('07076400044', 'Γραμματέας', 'Τμήμα 180');
INSERT INTO dioikitiko (amka, rolos, grafeio) VALUES ('09086300047', 'Υπεύθυνος Αρχείου', 'Αίθουσα 258');
INSERT INTO dioikitiko (amka, rolos, grafeio) VALUES ('18110200048', 'Γραμματέας', 'Τμήμα 300');
INSERT INTO dioikitiko (amka, rolos, grafeio) VALUES ('06078900051', 'Υπεύθυνος Αρχείου', 'Αίθουσα 253');
INSERT INTO dioikitiko (amka, rolos, grafeio) VALUES ('02027900052', 'Γραμματέας', 'Τμήμα 114');
INSERT INTO dioikitiko (amka, rolos, grafeio) VALUES ('20038100055', 'Διοικητικός Διευθυντής Τμήματος', NULL);
INSERT INTO dioikitiko (amka, rolos, grafeio) VALUES ('08069500056', 'Υπεύθυνος Αρχείου', 'Τμήμα 260');
INSERT INTO dioikitiko (amka, rolos, grafeio) VALUES ('07019600058', 'Γραμματέας', 'Γραφείο 341');
INSERT INTO dioikitiko (amka, rolos, grafeio) VALUES ('22119800060', 'Λογιστής', 'Αίθουσα 341');
INSERT INTO dioikitiko (amka, rolos, grafeio) VALUES ('28027000062', 'Λογιστής', 'Τμήμα 106');
INSERT INTO dioikitiko (amka, rolos, grafeio) VALUES ('25097000065', 'Λογιστής', 'Τμήμα 113');
INSERT INTO dioikitiko (amka, rolos, grafeio) VALUES ('19109000066', 'Γραμματέας', 'Τμήμα 185');
INSERT INTO dioikitiko (amka, rolos, grafeio) VALUES ('23047500069', 'Γραμματέας', 'Τμήμα 193');
INSERT INTO dioikitiko (amka, rolos, grafeio) VALUES ('11078000071', 'Γραμματέας', 'Γραφείο 126');
INSERT INTO dioikitiko (amka, rolos, grafeio) VALUES ('13056400072', 'Λογιστής', 'Αίθουσα 271');
INSERT INTO dioikitiko (amka, rolos, grafeio) VALUES ('08127000075', 'Υπεύθυνος Αρχείου', 'Αίθουσα 173');
INSERT INTO dioikitiko (amka, rolos, grafeio) VALUES ('15079200076', 'Γραμματέας', 'Αίθουσα 236');
INSERT INTO dioikitiko (amka, rolos, grafeio) VALUES ('25109300078', 'Γραμματέας', 'Γραφείο 218');
INSERT INTO dioikitiko (amka, rolos, grafeio) VALUES ('18088700080', 'Διοικητικός Διευθυντής Τμήματος', 'Αίθουσα 172');
INSERT INTO dioikitiko (amka, rolos, grafeio) VALUES ('22127900083', 'Γραμματέας', 'Αίθουσα 306');
INSERT INTO dioikitiko (amka, rolos, grafeio) VALUES ('04026600084', 'Διοικητικός Διευθυντής Τμήματος', 'Τμήμα 262');
INSERT INTO dioikitiko (amka, rolos, grafeio) VALUES ('08070300087', 'Γραμματέας', NULL);
INSERT INTO dioikitiko (amka, rolos, grafeio) VALUES ('13017600089', 'Γραμματέας', 'Γραφείο 262');
INSERT INTO dioikitiko (amka, rolos, grafeio) VALUES ('12076400090', 'Γραμματέας', 'Αίθουσα 186');
INSERT INTO dioikitiko (amka, rolos, grafeio) VALUES ('13117800093', 'Υπεύθυνος Ανθρώπινου Δυναμικού', 'Τμήμα 162');
INSERT INTO dioikitiko (amka, rolos, grafeio) VALUES ('24119500094', 'Υπεύθυνος Αρχείου', 'Τμήμα 175');
INSERT INTO dioikitiko (amka, rolos, grafeio) VALUES ('27107900097', 'Λογιστής', 'Αίθουσα 321');
INSERT INTO dioikitiko (amka, rolos, grafeio) VALUES ('12086400098', 'Υπεύθυνος Πληροφορικής', 'Γραφείο 290');
INSERT INTO dioikitiko (amka, rolos, grafeio) VALUES ('28086600100', 'Διοικητικός Διευθυντής Τμήματος', 'Γραφείο 215');
INSERT INTO dioikitiko (amka, rolos, grafeio) VALUES ('09127300103', 'Γραμματέας', 'Γραφείο 324');
INSERT INTO dioikitiko (amka, rolos, grafeio) VALUES ('15049700105', 'Γραμματέας', 'Τμήμα 335');
INSERT INTO dioikitiko (amka, rolos, grafeio) VALUES ('15039800106', 'Υπεύθυνος Αρχείου', 'Γραφείο 203');
INSERT INTO dioikitiko (amka, rolos, grafeio) VALUES ('05128600108', 'Υπεύθυνος Αρχείου', 'Γραφείο 271');
INSERT INTO dioikitiko (amka, rolos, grafeio) VALUES ('06086500110', 'Διοικητικός Διευθυντής Τμήματος', 'Τμήμα 316');
INSERT INTO dioikitiko (amka, rolos, grafeio) VALUES ('12016600112', 'Γραμματέας', 'Γραφείο 241');
INSERT INTO dioikitiko (amka, rolos, grafeio) VALUES ('15037900115', 'Γραμματέας', 'Αίθουσα 191');
INSERT INTO dioikitiko (amka, rolos, grafeio) VALUES ('03036900116', 'Υπεύθυνος Ανθρώπινου Δυναμικού', 'Αίθουσα 249');
INSERT INTO dioikitiko (amka, rolos, grafeio) VALUES ('21117100118', 'Υπεύθυνος Ανθρώπινου Δυναμικού', 'Γραφείο 288');
INSERT INTO dioikitiko (amka, rolos, grafeio) VALUES ('18027000120', 'Λογιστής', 'Αίθουσα 161');
INSERT INTO dioikitiko (amka, rolos, grafeio) VALUES ('25109100122', 'Υπεύθυνος Προμηθειών', 'Γραφείο 189');
INSERT INTO dioikitiko (amka, rolos, grafeio) VALUES ('17069900124', 'Διοικητικός Διευθυντής Τμήματος', 'Αίθουσα 159');
INSERT INTO dioikitiko (amka, rolos, grafeio) VALUES ('26100000127', 'Λογιστής', 'Γραφείο 145');
INSERT INTO dioikitiko (amka, rolos, grafeio) VALUES ('23026600128', 'Λογιστής', 'Γραφείο 343');
INSERT INTO dioikitiko (amka, rolos, grafeio) VALUES ('27108000130', 'Υπεύθυνος Αρχείου', 'Τμήμα 142');
INSERT INTO dioikitiko (amka, rolos, grafeio) VALUES ('02010300132', 'Λογιστής', 'Γραφείο 114');
INSERT INTO dioikitiko (amka, rolos, grafeio) VALUES ('03046900134', 'Διοικητικός Διευθυντής Τμήματος', 'Γραφείο 241');
INSERT INTO dioikitiko (amka, rolos, grafeio) VALUES ('20077700137', 'Υπεύθυνος Πληροφορικής', 'Αίθουσα 340');
INSERT INTO dioikitiko (amka, rolos, grafeio) VALUES ('21100100139', 'Υπεύθυνος Αρχείου', 'Τμήμα 184');
INSERT INTO dioikitiko (amka, rolos, grafeio) VALUES ('06108200140', 'Γραμματέας', 'Αίθουσα 210');

-- ── 4. proswpiko_anikei_se_tmima ───────────────────────────────────────
INSERT INTO proswpiko_anikei_se_tmima (amka_proswpikou, tmima_id) VALUES ('06087900003', 14);
INSERT INTO proswpiko_anikei_se_tmima (amka_proswpikou, tmima_id) VALUES ('09058100005', 6);
INSERT INTO proswpiko_anikei_se_tmima (amka_proswpikou, tmima_id) VALUES ('07058100007', 3);
INSERT INTO proswpiko_anikei_se_tmima (amka_proswpikou, tmima_id) VALUES ('07089300009', 19);
INSERT INTO proswpiko_anikei_se_tmima (amka_proswpikou, tmima_id) VALUES ('24116800011', 8);
INSERT INTO proswpiko_anikei_se_tmima (amka_proswpikou, tmima_id) VALUES ('08076500013', 10);
INSERT INTO proswpiko_anikei_se_tmima (amka_proswpikou, tmima_id) VALUES ('28099700014', 18);
INSERT INTO proswpiko_anikei_se_tmima (amka_proswpikou, tmima_id) VALUES ('22090200017', 6);
INSERT INTO proswpiko_anikei_se_tmima (amka_proswpikou, tmima_id) VALUES ('17099200018', 13);
INSERT INTO proswpiko_anikei_se_tmima (amka_proswpikou, tmima_id) VALUES ('11048400020', 18);
INSERT INTO proswpiko_anikei_se_tmima (amka_proswpikou, tmima_id) VALUES ('13089700022', 19);
INSERT INTO proswpiko_anikei_se_tmima (amka_proswpikou, tmima_id) VALUES ('11119000025', 16);
INSERT INTO proswpiko_anikei_se_tmima (amka_proswpikou, tmima_id) VALUES ('21128200026', 7);
INSERT INTO proswpiko_anikei_se_tmima (amka_proswpikou, tmima_id) VALUES ('10129900028', 14);
INSERT INTO proswpiko_anikei_se_tmima (amka_proswpikou, tmima_id) VALUES ('10087100031', 15);
INSERT INTO proswpiko_anikei_se_tmima (amka_proswpikou, tmima_id) VALUES ('20057400032', 20);
INSERT INTO proswpiko_anikei_se_tmima (amka_proswpikou, tmima_id) VALUES ('18070000034', 19);
INSERT INTO proswpiko_anikei_se_tmima (amka_proswpikou, tmima_id) VALUES ('27097300037', 12);
INSERT INTO proswpiko_anikei_se_tmima (amka_proswpikou, tmima_id) VALUES ('04099900038', 18);
INSERT INTO proswpiko_anikei_se_tmima (amka_proswpikou, tmima_id) VALUES ('24039400040', 14);
INSERT INTO proswpiko_anikei_se_tmima (amka_proswpikou, tmima_id) VALUES ('02126600042', 12);
INSERT INTO proswpiko_anikei_se_tmima (amka_proswpikou, tmima_id) VALUES ('07076400044', 13);
INSERT INTO proswpiko_anikei_se_tmima (amka_proswpikou, tmima_id) VALUES ('09086300047', 7);
INSERT INTO proswpiko_anikei_se_tmima (amka_proswpikou, tmima_id) VALUES ('18110200048', 15);
INSERT INTO proswpiko_anikei_se_tmima (amka_proswpikou, tmima_id) VALUES ('06078900051', 18);
INSERT INTO proswpiko_anikei_se_tmima (amka_proswpikou, tmima_id) VALUES ('02027900052', 3);
INSERT INTO proswpiko_anikei_se_tmima (amka_proswpikou, tmima_id) VALUES ('20038100055', 1);
INSERT INTO proswpiko_anikei_se_tmima (amka_proswpikou, tmima_id) VALUES ('08069500056', 15);
INSERT INTO proswpiko_anikei_se_tmima (amka_proswpikou, tmima_id) VALUES ('07019600058', 11);
INSERT INTO proswpiko_anikei_se_tmima (amka_proswpikou, tmima_id) VALUES ('22119800060', 10);
INSERT INTO proswpiko_anikei_se_tmima (amka_proswpikou, tmima_id) VALUES ('28027000062', 10);
INSERT INTO proswpiko_anikei_se_tmima (amka_proswpikou, tmima_id) VALUES ('25097000065', 20);
INSERT INTO proswpiko_anikei_se_tmima (amka_proswpikou, tmima_id) VALUES ('19109000066', 10);
INSERT INTO proswpiko_anikei_se_tmima (amka_proswpikou, tmima_id) VALUES ('23047500069', 7);
INSERT INTO proswpiko_anikei_se_tmima (amka_proswpikou, tmima_id) VALUES ('11078000071', 17);
INSERT INTO proswpiko_anikei_se_tmima (amka_proswpikou, tmima_id) VALUES ('13056400072', 19);
INSERT INTO proswpiko_anikei_se_tmima (amka_proswpikou, tmima_id) VALUES ('08127000075', 18);
INSERT INTO proswpiko_anikei_se_tmima (amka_proswpikou, tmima_id) VALUES ('15079200076', 4);
INSERT INTO proswpiko_anikei_se_tmima (amka_proswpikou, tmima_id) VALUES ('25109300078', 15);
INSERT INTO proswpiko_anikei_se_tmima (amka_proswpikou, tmima_id) VALUES ('18088700080', 15);
INSERT INTO proswpiko_anikei_se_tmima (amka_proswpikou, tmima_id) VALUES ('22127900083', 2);
INSERT INTO proswpiko_anikei_se_tmima (amka_proswpikou, tmima_id) VALUES ('04026600084', 20);
INSERT INTO proswpiko_anikei_se_tmima (amka_proswpikou, tmima_id) VALUES ('08070300087', 19);
INSERT INTO proswpiko_anikei_se_tmima (amka_proswpikou, tmima_id) VALUES ('13017600089', 19);
INSERT INTO proswpiko_anikei_se_tmima (amka_proswpikou, tmima_id) VALUES ('12076400090', 13);
INSERT INTO proswpiko_anikei_se_tmima (amka_proswpikou, tmima_id) VALUES ('13117800093', 6);
INSERT INTO proswpiko_anikei_se_tmima (amka_proswpikou, tmima_id) VALUES ('24119500094', 1);
INSERT INTO proswpiko_anikei_se_tmima (amka_proswpikou, tmima_id) VALUES ('27107900097', 10);
INSERT INTO proswpiko_anikei_se_tmima (amka_proswpikou, tmima_id) VALUES ('12086400098', 12);
INSERT INTO proswpiko_anikei_se_tmima (amka_proswpikou, tmima_id) VALUES ('28086600100', 5);
INSERT INTO proswpiko_anikei_se_tmima (amka_proswpikou, tmima_id) VALUES ('09127300103', 15);
INSERT INTO proswpiko_anikei_se_tmima (amka_proswpikou, tmima_id) VALUES ('15049700105', 2);
INSERT INTO proswpiko_anikei_se_tmima (amka_proswpikou, tmima_id) VALUES ('15039800106', 18);
INSERT INTO proswpiko_anikei_se_tmima (amka_proswpikou, tmima_id) VALUES ('05128600108', 4);
INSERT INTO proswpiko_anikei_se_tmima (amka_proswpikou, tmima_id) VALUES ('06086500110', 9);
INSERT INTO proswpiko_anikei_se_tmima (amka_proswpikou, tmima_id) VALUES ('12016600112', 2);
INSERT INTO proswpiko_anikei_se_tmima (amka_proswpikou, tmima_id) VALUES ('15037900115', 6);
INSERT INTO proswpiko_anikei_se_tmima (amka_proswpikou, tmima_id) VALUES ('03036900116', 9);
INSERT INTO proswpiko_anikei_se_tmima (amka_proswpikou, tmima_id) VALUES ('21117100118', 15);
INSERT INTO proswpiko_anikei_se_tmima (amka_proswpikou, tmima_id) VALUES ('18027000120', 12);
INSERT INTO proswpiko_anikei_se_tmima (amka_proswpikou, tmima_id) VALUES ('25109100122', 14);
INSERT INTO proswpiko_anikei_se_tmima (amka_proswpikou, tmima_id) VALUES ('17069900124', 3);
INSERT INTO proswpiko_anikei_se_tmima (amka_proswpikou, tmima_id) VALUES ('26100000127', 7);
INSERT INTO proswpiko_anikei_se_tmima (amka_proswpikou, tmima_id) VALUES ('23026600128', 2);
INSERT INTO proswpiko_anikei_se_tmima (amka_proswpikou, tmima_id) VALUES ('27108000130', 14);
INSERT INTO proswpiko_anikei_se_tmima (amka_proswpikou, tmima_id) VALUES ('02010300132', 20);
INSERT INTO proswpiko_anikei_se_tmima (amka_proswpikou, tmima_id) VALUES ('03046900134', 16);
INSERT INTO proswpiko_anikei_se_tmima (amka_proswpikou, tmima_id) VALUES ('20077700137', 2);
INSERT INTO proswpiko_anikei_se_tmima (amka_proswpikou, tmima_id) VALUES ('21100100139', 13);
INSERT INTO proswpiko_anikei_se_tmima (amka_proswpikou, tmima_id) VALUES ('06108200140', 7);

SET FOREIGN_KEY_CHECKS = 1;
